name,phone,email,address,list,country,region,postalZip,text,numberrange,currency,alphanumeric
Andrew Best,1-744-814-2285,id.ante@outlook.net,"P.O. Box 902, 7447 Risus. Road",1,Indonesia,Quebec,83810-29724,Nullam lobortis quam a felis ullamcorper viverra. Maecenas iaculis aliquet,6,$16.11,ZYT89OPD6KP
Slade Austin,(220) 412-7362,at.pretium.aliquet@yahoo.com,"Ap #678-7321 Lobortis, Street",5,South Africa,Kahramanmaraş,57654,Ut sagittis lobortis mauris. Suspendisse aliquet molestie tellus. Aenean egestas,6,$16.19,NPI67TTK7AZ
Dorothy Sanford,(724) 798-7734,integer.vulputate.risus@hotmail.net,206-7957 Penatibus Rd.,5,Chile,South Island,58-95,"malesuada augue ut lacus. Nulla tincidunt, neque vitae semper egestas,",9,$94.69,SDA43NHJ4TF
Chadwick Franco,1-615-196-9147,risus@outlook.couk,Ap #845-5347 Urna St.,9,Nigeria,Małopolskie,9792,porttitor scelerisque neque. Nullam nisl. Maecenas malesuada fringilla est. Mauris,10,$25.04,IWR40RYN4EE
Kelly Camacho,1-533-416-7151,adipiscing.elit.etiam@icloud.edu,"P.O. Box 341, 2858 Risus. St.",19,China,Meghalaya,92745,"metus urna convallis erat, eget tincidunt dui augue eu tellus.",0,$77.40,XFC11TKE4DV
Gemma Myers,(459) 833-9282,elit.curabitur.sed@aol.net,457-1799 Aliquam Avenue,7,China,Riau,1274,in consectetuer ipsum nunc id enim. Curabitur massa. Vestibulum accumsan,1,$78.22,VNV23QBM7XU
Barry Hamilton,(638) 810-7317,vulputate.velit@protonmail.couk,Ap #109-3541 Suspendisse Street,19,Ireland,Nunavut,27085,nec urna et arcu imperdiet ullamcorper. Duis at lacus. Quisque,2,$34.91,STL15TYW9TY
Nelle Bush,(607) 539-1873,odio.vel@icloud.com,Ap #317-7007 Nec Av.,5,Norway,Virginia,674620,"mauris sapien, cursus in, hendrerit consectetuer, cursus et, magna. Praesent",4,$81.04,SBZ68MFN6CD
Chester Alvarado,(663) 788-1730,quis@protonmail.com,Ap #256-723 Elit Road,19,United Kingdom,Stockholms län,35691,fermentum arcu. Vestibulum ante ipsum primis in faucibus orci luctus,4,$85.41,MGF56KYJ4FO
Colleen Phillips,1-541-165-4288,mauris@icloud.ca,Ap #621-2197 Libero. St.,13,Poland,Belgorod Oblast,K2J 9R1,"semper rutrum. Fusce dolor quam, elementum at, egestas a, scelerisque",8,$7.96,RVM64YQU3BI
Jaquelyn Lindsey,1-786-237-6844,est.vitae.sodales@protonmail.net,7274 Litora St.,15,Ukraine,Lombardia,9650,ipsum non arcu. Vivamus sit amet risus. Donec egestas. Aliquam,3,$30.78,LBC37BYS4NS
Tamekah Hyde,1-913-938-2927,semper.tellus.id@outlook.org,"P.O. Box 604, 2161 Enim. Ave",1,France,Riau,97Z 1V4,egestas. Aliquam fringilla cursus purus. Nullam scelerisque neque sed sem,1,$80.28,VOU71MKU1KJ
Jeanette Moody,(616) 883-2476,scelerisque.dui@icloud.edu,Ap #704-2739 Aliquet Rd.,5,Germany,North Island,13591,"hendrerit. Donec porttitor tellus non magna. Nam ligula elit, pretium",8,$62.14,IUR74UQS3QP
Joseph Hoffman,(316) 382-3673,donec@protonmail.couk,Ap #818-6461 Curabitur St.,5,Colombia,Flevoland,470518,"dui. Cum sociis natoque penatibus et magnis dis parturient montes,",4,$35.17,PUK15XHO2LC
Marah Collier,(546) 886-8513,cras.lorem@aol.net,"P.O. Box 688, 1898 Quisque Ave",5,Australia,Carinthia,68464-776,"Curabitur ut odio vel est tempor bibendum. Donec felis orci,",3,$65.62,IYJ37FJW2BT
Zelda Underwood,(272) 120-6749,cras.dolor.dolor@icloud.net,"P.O. Box 592, 768 Proin Av.",17,Nigeria,Nunavut,1741-2940,sit amet ornare lectus justo eu arcu. Morbi sit amet,3,$45.55,EPW88PNU0XL
Amity Gould,1-378-224-1756,curae.donec@outlook.org,Ap #237-6595 Risus. St.,19,United Kingdom,North Kalimantan,893434,lobortis tellus justo sit amet nulla. Donec non justo. Proin,4,$84.16,RHW52CRE5DD
Hiram Patrick,1-864-626-7387,vehicula.et.rutrum@protonmail.ca,Ap #688-2971 Elit Road,3,Pakistan,Bursa,253825,"facilisis non, bibendum sed, est. Nunc laoreet lectus quis massa.",6,$92.46,QTF36TBE8YS
Acton Pierce,1-226-227-5764,ut@hotmail.ca,9555 Sit St.,3,Netherlands,Katsina,Y8K 5H7,"augue porttitor interdum. Sed auctor odio a purus. Duis elementum,",5,$74.27,ODO42FRO1GA
Ronan Gallagher,1-384-324-8428,sed.auctor.odio@outlook.ca,574-5916 Id Rd.,19,Sweden,Northern Cape,8355,"lacus vestibulum lorem, sit amet ultricies sem magna nec quam.",8,$75.58,QVH45KJP3VL
Stewart Vang,1-934-323-5270,elit@aol.com,581-5556 Cubilia St.,9,Brazil,Ternopil oblast,515651,"diam at pretium aliquet, metus urna convallis erat, eget tincidunt",5,$48.44,KDV82UYM3WO
Arsenio Mcguire,1-353-102-0207,elit.pharetra@yahoo.couk,Ap #386-6415 Arcu Ave,7,Italy,Magadan Oblast,224845,Mauris eu turpis. Nulla aliquet. Proin velit. Sed malesuada augue,8,$84.47,HDO28UUC6ZG
Patience Rutledge,1-414-323-7623,est@aol.couk,9750 Dictum Rd.,13,Turkey,Hidalgo,28944,"rutrum, justo. Praesent luctus. Curabitur egestas nunc sed libero. Proin",9,$76.18,OUH11DTV4XM
Josiah Christensen,1-352-853-2544,nullam.lobortis@icloud.couk,103 Vivamus Road,11,Belgium,Sokoto,4002,"molestie sodales. Mauris blandit enim consequat purus. Maecenas libero est,",6,$60.30,NEL62UCX2XT
Clayton Park,1-424-513-5882,urna.ut.tincidunt@yahoo.org,3911 Lobortis. St.,15,South Korea,Điện Biên,785747,"nec ante blandit viverra. Donec tempus, lorem fringilla ornare placerat,",7,$89.10,LNN21NLV3NR
Winter Ross,1-221-767-4225,interdum.enim@protonmail.org,362-1878 Sit Rd.,15,Russian Federation,North Gyeongsang,54-76,"mi, ac mattis velit justo nec ante. Maecenas mi felis,",8,$65.62,ERW54HFG1RB
Hunter Bradley,(557) 211-4543,vel.arcu@protonmail.com,"P.O. Box 592, 403 Adipiscing. Ave",19,Singapore,São Paulo,66848,"velit egestas lacinia. Sed congue, elit sed consequat auctor, nunc",3,$82.59,TMX73MFP6VL
Anne Mckay,1-658-663-4172,ullamcorper@hotmail.net,Ap #138-6858 Neque. Rd.,7,Vietnam,Kahramanmaraş,570358,fringilla cursus purus. Nullam scelerisque neque sed sem egestas blandit.,4,$73.48,PYL13RLH0TY
Erin Paul,(562) 483-4722,amet.consectetuer@google.net,"482-6142 Consequat, St.",3,Spain,Gauteng,13844,magna. Duis dignissim tempor arcu. Vestibulum ut eros non enim,2,$4.13,EOB34EGD7JE
Whitney Alexander,1-513-624-6232,massa.vestibulum@google.org,446-2274 Tincidunt St.,1,Germany,Oslo,77-069,ridiculus mus. Donec dignissim magna a tortor. Nunc commodo auctor,10,$92.92,MRI46VVG7CN
Tashya Monroe,1-681-779-7894,at@aol.net,"P.O. Box 129, 8936 Vivamus Rd.",15,South Korea,Maule,771715,"sit amet luctus vulputate, nisi sem semper erat, in consectetuer",8,$29.88,TQS18YPI8ZH
Amena Rollins,(568) 688-2437,ut.tincidunt@google.net,625-6123 Turpis. Ave,11,South Korea,Paraíba,1199,Nunc quis arcu vel quam dignissim pharetra. Nam ac nulla.,8,$25.74,GZC07KWG3LG
Orla Hutchinson,(815) 483-4160,suspendisse.sed.dolor@outlook.edu,574-5935 Mi. St.,5,Italy,Biobío,42684-465,metus. In nec orci. Donec nibh. Quisque nonummy ipsum non,3,$47.68,SAD94HGT3IM
Alisa Schultz,1-996-711-7202,tellus@yahoo.net,Ap #189-8304 Orci. Rd.,15,India,North Chungcheong,89409-136,"neque. In ornare sagittis felis. Donec tempor, est ac mattis",4,$46.44,EAP01KNS2DW
Kareem Hodge,1-907-324-2708,magna.a@protonmail.ca,Ap #172-2985 Consequat Rd.,9,Norway,Munster,9436,"placerat, augue. Sed molestie. Sed id risus quis diam luctus",2,$29.07,MUJ69DFS2GP
Martin Gay,1-433-277-4256,scelerisque.mollis@hotmail.edu,"3816 Nec, Street",19,Australia,Balochistan,359669,faucibus orci luctus et ultrices posuere cubilia Curae Donec tincidunt.,8,$11.60,FMV73FYO7LO
Bree Leblanc,1-751-412-6487,nisi@yahoo.org,"911-819 Purus, Rd.",17,Mexico,Sindh,T1 9DE,ac risus. Morbi metus. Vivamus euismod urna. Nullam lobortis quam,2,$20.60,MXZ85YBE7XH
Lavinia Skinner,(667) 360-7552,curabitur@icloud.net,Ap #595-8541 Aenean Av.,7,Colombia,Los Lagos,5875,"Nunc mauris elit, dictum eu, eleifend nec, malesuada ut, sem.",5,$94.22,RHZ77VBK1HS
John Roberson,(665) 861-6481,fusce.mollis.duis@hotmail.net,Ap #466-5962 Mollis Rd.,1,Pakistan,Thái Nguyên,07362,quam a felis ullamcorper viverra. Maecenas iaculis aliquet diam. Sed,7,$63.01,OHJ36NTK7DY
Connor Herring,(279) 255-1555,mi.ac@aol.edu,Ap #392-5248 Nunc Ave,17,Ukraine,Madhya Pradesh,83649-38769,"ante, iaculis nec, eleifend non, dapibus rutrum, justo. Praesent luctus.",6,$57.47,EXL52IXN7UF
Kylee Lott,1-384-867-0564,eros.nec@google.couk,319-5554 Commodo Avenue,1,Canada,Schleswig-Holstein,22324,turpis egestas. Aliquam fringilla cursus purus. Nullam scelerisque neque sed,1,$15.49,MXW28BFB3BA
Aaron Coleman,(517) 675-9266,maecenas.iaculis@icloud.edu,610-5521 A Rd.,5,Chile,Xīběi,8666 NK,"Nunc sed orci lobortis augue scelerisque mollis. Phasellus libero mauris,",4,$70.37,VXU27VLL7JB
Tashya Harris,1-436-381-5565,facilisis.vitae.orci@yahoo.org,5397 Donec Av.,7,Russian Federation,North West,20507,"pretium aliquet, metus urna convallis erat, eget tincidunt dui augue",5,$33.70,EGN11EIW6FV
Reed Case,(834) 865-6805,ultricies@icloud.edu,540-252 Nulla Avenue,9,Sweden,Castilla y León,25368,Suspendisse tristique neque venenatis lacus. Etiam bibendum fermentum metus. Aenean,2,$82.01,FIZ36UMS2MM
Alexander Booker,1-838-451-6437,neque@icloud.ca,Ap #441-5032 Adipiscing Ave,15,India,West Papua,851214,"dui. Fusce diam nunc, ullamcorper eu, euismod ac, fermentum vel,",7,$14.42,SML82HAS5XZ
Whoopi Washington,(258) 775-2684,integer@aol.com,834-1166 Aliquet Avenue,13,Italy,Điện Biên,3911,"Class aptent taciti sociosqu ad litora torquent per conubia nostra,",7,$98.77,DIK10TNQ7EN
Asher Burnett,1-113-384-3913,urna.nullam@outlook.edu,Ap #142-3846 Sit Road,7,New Zealand,Vorarlberg,77588,"malesuada vel, convallis in, cursus et, eros. Proin ultrices. Duis",8,$73.92,WDH09KZG2JQ
Haley Roach,(461) 443-2619,leo.in@hotmail.org,2499 Lectus Rd.,11,Sweden,North-East Region,757322,"commodo tincidunt nibh. Phasellus nulla. Integer vulputate, risus a ultricies",6,$52.27,ZZT67ILL8RF
Stewart Sykes,1-354-745-8224,ut.erat@hotmail.couk,"9881 Non, St.",11,Austria,South Island,8765-2747,"cursus et, magna. Praesent interdum ligula eu enim. Etiam imperdiet",0,$65.29,JFH41GDN8WI
Suki Lara,1-487-372-8802,a@outlook.edu,"P.O. Box 719, 7232 Non Road",19,Italy,Limón,725556,vitae mauris sit amet lorem semper auctor. Mauris vel turpis.,2,$3.29,SYU83FBJ4IV
Brady Hurley,1-289-861-8793,ante@yahoo.ca,9735 Integer Rd.,9,Nigeria,Namen,O2S 8A6,"et arcu imperdiet ullamcorper. Duis at lacus. Quisque purus sapien,",2,$87.90,HBV28SIT9BF
Basia Marsh,1-276-452-4045,nam.ac.nulla@icloud.org,2455 Sit Ave,19,Germany,Bayern,61232,"magnis dis parturient montes, nascetur ridiculus mus. Proin vel nisl.",7,$71.83,VUB75RMB1LG
Sasha Nichols,1-680-434-8811,semper@outlook.net,"155-7318 Ut, St.",17,Canada,Pernambuco,767336,"a feugiat tellus lorem eu metus. In lorem. Donec elementum,",7,$8.57,OFQ75BSC5QR
Jolie French,(338) 891-4756,quam.elementum@protonmail.com,"P.O. Box 397, 8913 Eu, Rd.",15,Turkey,North Island,30208101,"malesuada ut, sem. Nulla interdum. Curabitur dictum. Phasellus in felis.",8,$86.79,LKN52TFV9NP
Kato Horne,(583) 568-2210,tempor.bibendum.donec@yahoo.edu,"5631 Ut, Avenue",7,Ireland,North West,20317,quis diam luctus lobortis. Class aptent taciti sociosqu ad litora,2,$95.80,IVI58UXI0SL
Hiram Freeman,(421) 217-9845,pellentesque@hotmail.couk,Ap #482-1453 Eget Street,19,Costa Rica,Saarland,7354,"natoque penatibus et magnis dis parturient montes, nascetur ridiculus mus.",2,$63.71,UXT77GVL0BB
Destiny Guzman,(742) 718-9438,vitae@icloud.couk,183 Mollis St.,11,Mexico,Hải Dương,40612,Aliquam ultrices iaculis odio. Nam interdum enim non nisi. Aenean,5,$10.92,YGG11ECL1WJ
Paul Craft,(546) 334-4027,arcu.vivamus@aol.ca,Ap #478-2014 Interdum. Av.,15,Austria,Hessen,5298,"erat semper rutrum. Fusce dolor quam, elementum at, egestas a,",4,$88.07,ORZ20HNF7PF
James Hopper,(441) 220-2347,malesuada.vel@aol.net,Ap #920-7113 Purus. Road,1,Philippines,Antofagasta,3559,"Quisque porttitor eros nec tellus. Nunc lectus pede, ultrices a,",8,$20.64,CIG29FST0WB
Tobias Slater,1-472-527-2567,nisi.magna@hotmail.edu,306-6323 Non Ave,1,Turkey,Quảng Bình,16-82,"Proin velit. Sed malesuada augue ut lacus. Nulla tincidunt, neque",10,$87.49,DYP41JXF0FG
George Flynn,1-255-617-5176,mauris.ut.mi@hotmail.com,"P.O. Box 698, 1517 Nunc Rd.",15,Italy,Sardegna,27217,Donec egestas. Aliquam nec enim. Nunc ut erat. Sed nunc,2,$48.02,PLH58VGW4MV
Beau Rose,1-115-276-4555,elit.a.feugiat@icloud.net,Ap #545-5203 Metus. Av.,3,Indonesia,North-East Region,359166,"quis lectus. Nullam suscipit, est ac facilisis facilisis, magna tellus",1,$87.59,LMP04LML1KF
Colton Mcdaniel,1-327-634-4422,et.commodo@outlook.net,Ap #655-5890 Morbi St.,9,Costa Rica,Magadan Oblast,5453 FU,pharetra. Nam ac nulla. In tincidunt congue turpis. In condimentum.,0,$34.22,XIA58LJZ8KB
Lance Jacobson,(458) 294-4158,consectetuer.mauris@protonmail.com,803-6753 Cras Av.,19,South Korea,Rheinland-Pfalz,56582,faucibus orci luctus et ultrices posuere cubilia Curae Phasellus ornare.,0,$15.31,KTR88YBG0OK
Jasper Holland,(515) 258-8193,placerat.cras@outlook.couk,"P.O. Box 317, 5987 Auctor Road",9,Netherlands,Istanbul,65883,turpis vitae purus gravida sagittis. Duis gravida. Praesent eu nulla,0,$35.84,URL13TSN6DE
Guinevere Clay,1-517-478-6652,lorem.ipsum@outlook.couk,Ap #244-8427 Eget Rd.,11,Germany,Imo,48613,"nibh dolor, nonummy ac, feugiat non, lobortis quis, pede. Suspendisse",7,$22.10,OFL40NJQ2WG
Katell Mann,(426) 415-7067,vivamus.non@outlook.couk,690-4729 Ipsum St.,7,Norway,Upper Austria,2431-4323,orci. Ut semper pretium neque. Morbi quis urna. Nunc quis,9,$83.04,NUF17WBX7JH
Rebekah Freeman,1-773-368-3452,in.tincidunt.congue@protonmail.org,Ap #401-9484 Turpis. St.,13,Netherlands,Northern Territory,S7W 3X2,"bibendum sed, est. Nunc laoreet lectus quis massa. Mauris vestibulum,",8,$3.95,OVF73KDD7EV
Juliet Adkins,1-471-761-8556,sagittis@protonmail.net,Ap #916-1059 Nascetur Av.,9,India,Limón,63723,"fermentum vel, mauris. Integer sem elit, pharetra ut, pharetra sed,",0,$96.83,EGZ38HFI4BQ
Marsden Cleveland,1-511-574-1025,dignissim.lacus.aliquam@yahoo.ca,291-3922 Ultrices Av.,7,United States,Lào Cai,254674,"lobortis quis, pede. Suspendisse dui. Fusce diam nunc, ullamcorper eu,",2,$74.51,DUC53ETY7RR
Rachel Bruce,(843) 133-5868,amet.ante@icloud.net,207-2445 Lorem Street,7,Turkey,Antioquia,R0H 1RU,"egestas rhoncus. Proin nisl sem, consequat nec, mollis vitae, posuere",10,$4.03,YPM67TSV6RD
Hu Rollins,1-418-112-4733,elementum.dui@yahoo.org,Ap #203-7695 Sed St.,15,Costa Rica,Lambayeque,318453,Nullam feugiat placerat velit. Quisque varius. Nam porttitor scelerisque neque.,7,$79.46,MTD64JTT0JX
Paul Cunningham,1-211-999-5228,facilisis@outlook.edu,227-7743 Parturient Rd.,1,Russian Federation,North-East Region,6241 OP,"id, mollis nec, cursus a, enim. Suspendisse aliquet, sem ut",5,$14.73,QIW47LUI7FI
Jolie Meyers,(813) 572-1651,eleifend.vitae@protonmail.com,Ap #638-4759 Sit Avenue,9,Nigeria,Huáběi,FV4P 8YB,"purus, in molestie tortor nibh sit amet orci. Ut sagittis",9,$11.31,ILA27ITA2EZ
Sheila Williams,1-875-416-2174,elit.fermentum@outlook.ca,2890 Nullam St.,13,Philippines,Colorado,55583-55819,eget metus. In nec orci. Donec nibh. Quisque nonummy ipsum,7,$97.36,YDK84LQT3HQ
Keegan Bolton,1-325-768-1263,hendrerit.consectetuer@aol.edu,Ap #596-5124 Fusce Rd.,13,Netherlands,Vestfold og Telemark,4481,"placerat, orci lacus vestibulum lorem, sit amet ultricies sem magna",7,$79.52,KSD28EUK4RH
Dustin Mason,(562) 412-3474,mauris.ut@hotmail.ca,"P.O. Box 985, 1057 Luctus Rd.",1,Colombia,Gauteng,1186,ac turpis egestas. Aliquam fringilla cursus purus. Nullam scelerisque neque,7,$50.76,CGM61UJG7DE
Fitzgerald Sharp,1-455-511-0164,nunc.risus.varius@icloud.net,"1696 Pede, Street",17,Mexico,East Java,28656,"augue ut lacus. Nulla tincidunt, neque vitae semper egestas, urna",2,$7.35,HCR96HXK2MR
India Alexander,1-742-243-6499,arcu.vestibulum.ante@hotmail.net,801-6290 Pede. Street,11,Turkey,South Australia,63553,Nunc quis arcu vel quam dignissim pharetra. Nam ac nulla.,3,$69.17,KJL23TQO2CU
Rajah Schultz,1-739-132-0448,vulputate.dui@yahoo.ca,Ap #850-4082 Diam Rd.,13,New Zealand,Gangwon,3132 YC,"diam lorem, auctor quis, tristique ac, eleifend vitae, erat. Vivamus",1,$19.22,MKJ20LGP2KN
William Miles,1-211-333-5204,faucibus.orci@yahoo.net,Ap #863-1261 Dui. Street,13,New Zealand,South Australia,7577,"risus. Quisque libero lacus, varius et, euismod et, commodo at,",2,$13.08,RHO66JXE1TA
Damian Hines,1-865-414-1553,a.nunc.in@google.org,8137 Nisl St.,19,New Zealand,Sindh,266156,"lobortis augue scelerisque mollis. Phasellus libero mauris, aliquam eu, accumsan",3,$77.00,PLV16QXP0GM
Quinn Oneal,(537) 734-5666,placerat.eget@protonmail.net,259-8698 Elit. St.,9,Germany,South Chungcheong,3420,"lacus. Quisque imperdiet, erat nonummy ultricies ornare, elit elit fermentum",8,$1.70,CIK36FVF6HW
Alika Greene,(314) 871-1512,erat@yahoo.net,703 Tellus Ave,15,Australia,Special Region of Yogyakarta,6477,"ornare, elit elit fermentum risus, at fringilla purus mauris a",9,$46.33,LNF45RHY7DG
Craig Mayer,(542) 132-5817,mi.lacinia@aol.net,"P.O. Box 119, 991 Lorem, St.",19,Brazil,South Island,14570,Vestibulum ante ipsum primis in faucibus orci luctus et ultrices,8,$2.19,TWI78VLG5UN
Merrill Norton,1-627-765-1388,vel.lectus@google.com,Ap #881-7405 Pulvinar Rd.,1,New Zealand,Istanbul,30403,orci. Donec nibh. Quisque nonummy ipsum non arcu. Vivamus sit,6,$6.81,EIH56SVX2LH
Melvin Herman,1-433-530-9698,eu.odio@outlook.edu,464-6165 Eget Rd.,19,Ukraine,Yaroslavl Oblast,234425,"fringilla mi lacinia mattis. Integer eu lacus. Quisque imperdiet, erat",1,$95.15,DJF71BSY2MX
Wylie Terrell,(487) 334-2611,augue.eu@protonmail.couk,4143 Donec Av.,19,Poland,North Jeolla,42475,"libero. Donec consectetuer mauris id sapien. Cras dolor dolor, tempus",5,$4.48,HPR82OVQ8CH
Malik Leach,(884) 353-5114,vestibulum.ante@aol.net,865-4892 Mus. Rd.,5,Germany,Lambayeque,337162,Donec vitae erat vel pede blandit congue. In scelerisque scelerisque,1,$68.06,ROG38CXQ1HH
Tucker Jackson,(431) 130-2710,ultrices.mauris@google.org,6430 Consequat Road,19,Singapore,South Island,11450,"non, dapibus rutrum, justo. Praesent luctus. Curabitur egestas nunc sed",2,$92.88,ICC13NPP8NL
Merritt Beck,1-664-583-4117,adipiscing@yahoo.ca,133-8111 Semper Av.,13,Peru,East Region,92-55,risus quis diam luctus lobortis. Class aptent taciti sociosqu ad,3,$49.27,FUB71LST3ZI
John Young,1-618-972-1588,fames.ac@hotmail.ca,Ap #197-4054 Vivamus Avenue,3,Sweden,Stockholms län,2025,venenatis lacus. Etiam bibendum fermentum metus. Aenean sed pede nec,4,$79.08,CVX57VCX8WI
Dai Guy,1-511-374-1392,eros.nam@aol.com,"Ap #705-2371 Ullamcorper, Street",13,Ireland,Limpopo,454276,"ac mattis velit justo nec ante. Maecenas mi felis, adipiscing",3,$10.43,FDI85YWR4DE
Charlotte Phillips,(895) 878-5492,egestas.ligula.nullam@aol.com,602-7797 Phasellus Rd.,9,Russian Federation,Stockholms län,1254,"cursus et, magna. Praesent interdum ligula eu enim. Etiam imperdiet",6,$61.62,GRE55GAW2TQ
Jescie Fry,(411) 878-4742,eu.turpis@aol.com,474-1844 Curabitur Av.,9,Costa Rica,West-Vlaanderen,44-520,"auctor, velit eget laoreet posuere, enim nisl elementum purus, accumsan",9,$86.70,KGB43GLO5IR
Ira Finley,1-664-564-1276,tempor.lorem@icloud.couk,Ap #714-4293 Ac St.,17,Australia,Östergötlands län,5181-9673,Curabitur massa. Vestibulum accumsan neque et nunc. Quisque ornare tortor,9,$47.07,OWE04MEC1XW
Celeste Coleman,(377) 477-1711,eu.nibh@icloud.com,"158-6313 Ut, Rd.",7,Indonesia,Manisa,46596,Quisque ornare tortor at risus. Nunc ac sem ut dolor,3,$79.13,XOZ84XTX9ZN
Cameran Burnett,1-115-626-6010,at.risus@icloud.edu,Ap #963-7980 Duis Rd.,13,Indonesia,North West,57311,"eget laoreet posuere, enim nisl elementum purus, accumsan interdum libero",3,$16.17,YIA89RDV6KU
Felicia Farrell,(453) 296-3283,dictum.augue@hotmail.net,Ap #863-8669 Nunc Road,7,Italy,Kaluga Oblast,243242,"Cras dolor dolor, tempus non, lacinia at, iaculis quis, pede.",5,$97.66,KRH13PVV4NC
Derek Erickson,(431) 335-7650,nunc@yahoo.org,113-8286 Scelerisque Street,13,Philippines,Andhra Pradesh,5587,"a, malesuada id, erat. Etiam vestibulum massa rutrum magna. Cras",1,$99.77,BYU68HNC1VO
Grady Hodge,1-776-197-7673,neque@outlook.org,Ap #730-2534 Netus St.,15,United States,Leinster,779246,arcu. Vestibulum ante ipsum primis in faucibus orci luctus et,7,$19.00,SGK53HLB7YC
Gemma Church,(173) 951-1463,fermentum.metus.aenean@hotmail.edu,Ap #191-7812 Semper Street,3,Costa Rica,Alberta,G3B 3N0,"elit fermentum risus, at fringilla purus mauris a nunc. In",9,$86.90,MKF53XWL3EQ
Martena Barry,(910) 261-6604,adipiscing.enim@google.couk,670-1157 Felis. St.,13,Sweden,Salzburg,33748,lectus justo eu arcu. Morbi sit amet massa. Quisque porttitor,9,$66.81,RUM74DYL0MH
Brynne Decker,1-779-634-4426,volutpat.nulla@yahoo.com,432-6480 Arcu Ave,15,Ukraine,İzmir,382384,blandit congue. In scelerisque scelerisque dui. Suspendisse ac metus vitae,0,$29.21,IEP34HHA6OE
Keelie Hernandez,(756) 601-9889,morbi.sit@outlook.com,Ap #769-1978 Ac Av.,11,South Africa,Utrecht,M2 1FB,"pede. Cum sociis natoque penatibus et magnis dis parturient montes,",6,$81.80,QQU11QIE1NZ
Stuart Cash,1-720-870-4438,lorem.fringilla@icloud.ca,Ap #938-6477 Amet St.,15,Norway,Los Lagos,59131,nibh vulputate mauris sagittis placerat. Cras dictum ultricies ligula. Nullam,3,$53.84,YDO65EKC4VB
Kyle Stokes,1-885-467-5672,tellus.faucibus@outlook.net,5888 Aliquet Ave,11,Philippines,Lâm Đồng,6162,Aliquam fringilla cursus purus. Nullam scelerisque neque sed sem egestas,9,$26.36,OCJ43ZHG4HI
Pamela Paul,1-164-470-1512,nulla.vulputate.dui@icloud.com,"164-3978 At, Ave",11,Germany,Arica y Parinacota,7584,ante. Vivamus non lorem vitae odio sagittis semper. Nam tempor,3,$27.71,XNF31UTE5VF
Rina Donaldson,1-545-425-8842,inceptos@aol.ca,714-2345 Et Avenue,19,Turkey,Upper Austria,672556,netus et malesuada fames ac turpis egestas. Aliquam fringilla cursus,1,$49.11,AQX18DIY5FN
Zelda Yang,(342) 736-7378,odio.tristique.pharetra@hotmail.couk,Ap #281-3686 Tincidunt St.,11,Philippines,South Jeolla,08967,"adipiscing fringilla, porttitor vulputate, posuere vulputate, lacus. Cras interdum. Nunc",9,$98.54,JNI75UYR5UW
Alexander Watkins,(348) 832-1838,nulla.facilisi@outlook.net,545-9801 Phasellus St.,9,Sweden,Aceh,66141,"tincidunt nibh. Phasellus nulla. Integer vulputate, risus a ultricies adipiscing,",0,$94.46,MGU44FAU5IO
Wyoming Castro,1-658-776-8657,aliquam.tincidunt@hotmail.net,989-9053 Eget St.,11,Ukraine,Mexico City,642547,nec luctus felis purus ac tellus. Suspendisse sed dolor. Fusce,0,$33.66,BVD49PUG1CV
Steel Wynn,(554) 538-9034,id.ante.dictum@icloud.net,"P.O. Box 864, 6940 Lobortis Avenue",13,France,Dalarnas län,9782,"et arcu imperdiet ullamcorper. Duis at lacus. Quisque purus sapien,",2,$64.64,JWH43IQJ4KM
Olivia Valentine,1-122-998-1595,arcu.vestibulum.ut@google.couk,598-7181 Donec Rd.,17,Canada,Luxemburg,07213,"Cras lorem lorem, luctus ut, pellentesque eget, dictum placerat, augue.",5,$32.49,QDM54XQP6OB
Jameson Benson,1-719-936-4578,semper.pretium.neque@aol.net,Ap #150-3018 Fusce Av.,13,Nigeria,Eastern Visayas,12878,eros turpis non enim. Mauris quis turpis vitae purus gravida,7,$90.06,MVX67PNT3UF
Gabriel Wheeler,(384) 977-1518,sit.amet@aol.couk,"P.O. Box 269, 5927 Enim Avenue",7,Belgium,Kocaeli,1321 VV,"egestas. Sed pharetra, felis eget varius ultrices, mauris ipsum porta",6,$71.93,PAK42OZE5GG
Irma Brennan,1-984-313-0815,amet.diam@google.ca,"Ap #463-6792 Tempor, St.",15,India,Borno,6411,Curae Donec tincidunt. Donec vitae erat vel pede blandit congue.,4,$48.00,ANC10PLP6GK
Jorden Curtis,(473) 765-6823,suspendisse.dui@outlook.org,3503 Nam St.,3,Philippines,Chihuahua,15231,feugiat metus sit amet ante. Vivamus non lorem vitae odio,3,$2.24,NAJ09GYF4OT
Madeson Barlow,(526) 283-7365,quisque.ornare.tortor@google.net,372-6065 Porttitor Ave,3,Peru,KwaZulu-Natal,4663,"sem semper erat, in consectetuer ipsum nunc id enim. Curabitur",7,$23.40,OVN96RNM2VN
Raya Davidson,(852) 517-0331,nec@icloud.com,Ap #492-131 Mauris Ave,17,Austria,Lai Châu,381988,"Integer vitae nibh. Donec est mauris, rhoncus id, mollis nec,",9,$63.65,EVM31PYJ2VK
Alexander Riddle,1-635-864-5327,sollicitudin.orci.sem@outlook.com,4875 Litora St.,13,Costa Rica,Lambayeque,3523,turpis nec mauris blandit mattis. Cras eget nisi dictum augue,3,$68.21,KQC42YGK5GJ
Nathan Vance,1-739-456-8896,venenatis.a.magna@yahoo.net,Ap #941-2465 Non Rd.,3,Pakistan,Kyiv oblast,68843,"blandit at, nisi. Cum sociis natoque penatibus et magnis dis",9,$62.24,BAG97TWF6FP
Laith Washington,(528) 872-3557,sit.amet@icloud.org,5735 Morbi Road,3,Ukraine,Ceuta,T8H 4C7,"Aenean massa. Integer vitae nibh. Donec est mauris, rhoncus id,",9,$13.28,CKX87HAU0IZ
Roanna Chambers,(636) 360-3702,pellentesque.habitant@google.ca,5975 Libero. Street,9,Austria,Cauca,8628,enim. Etiam imperdiet dictum magna. Ut tincidunt orci quis lectus.,9,$21.12,QWZ08WSK7EN
Octavius Good,1-553-880-5315,hendrerit@protonmail.net,9880 A Rd.,15,Singapore,Illes Balears,49167,ipsum primis in faucibus orci luctus et ultrices posuere cubilia,4,$86.19,UQP82QVK8MJ
Brynne Mccormick,1-532-906-6631,porta.elit@hotmail.ca,Ap #824-1076 Lorem Av.,13,Germany,Vichada,21251,"in, dolor. Fusce feugiat. Lorem ipsum dolor sit amet, consectetuer",3,$84.79,THB05QFW3HG
Danielle Rios,(791) 884-5376,porta.elit@google.com,"P.O. Box 844, 3195 Vestibulum St.",11,Chile,Santa Catarina,513429,"neque sed dictum eleifend, nunc risus varius orci, in consequat",2,$49.21,YKK15ICZ5NH
Keefe Jennings,(978) 444-9277,dolor.nulla@hotmail.com,545 Fringilla St.,3,Pakistan,Ancash,2520,"neque sed dictum eleifend, nunc risus varius orci, in consequat",1,$83.27,FKW36QRC0EJ
India Shaw,(348) 545-0125,fringilla.purus.mauris@google.org,Ap #482-9874 Tellus Avenue,1,Austria,Dunbartonshire,522118,"scelerisque mollis. Phasellus libero mauris, aliquam eu, accumsan sed, facilisis",9,$59.31,KVH73IMA4YC
Blaze Hester,(417) 822-2467,dictum.eu@outlook.org,Ap #241-1230 Ornare. St.,5,New Zealand,Morelos,171369,dui nec urna suscipit nonummy. Fusce fermentum fermentum arcu. Vestibulum,8,$83.10,OXJ83XTP8CE
Serina Sears,(433) 468-2891,at@protonmail.couk,658-2563 In Avenue,9,Austria,North Island,524806,"vitae sodales nisi magna sed dui. Fusce aliquam, enim nec",6,$73.43,RTI68MHF4TI
Indira Holt,1-595-455-5685,vitae.diam@yahoo.ca,7867 At Rd.,17,Spain,Puglia,34160,"fringilla ornare placerat, orci lacus vestibulum lorem, sit amet ultricies",7,$20.20,DPH06JUQ9WO
Connor Atkinson,1-859-838-6886,auctor.nunc.nulla@hotmail.ca,Ap #346-170 Pede. St.,17,Nigeria,British Columbia,201411,"ut aliquam iaculis, lacus pede sagittis augue, eu tempor erat",7,$55.07,OHE84DEI8BK
Joshua Sparks,(643) 951-7379,nibh.aliquam@protonmail.edu,7992 Egestas Av.,3,Ireland,North Island,8821,amet ante. Vivamus non lorem vitae odio sagittis semper. Nam,8,$75.51,UKD64MJG3LR
Joseph Joyner,(389) 462-7738,sit@hotmail.com,"P.O. Box 870, 8425 Libero St.",19,Italy,Tiền Giang,243656,"mi lacinia mattis. Integer eu lacus. Quisque imperdiet, erat nonummy",1,$91.31,XXM62QPY2TJ
Coby Weber,(130) 371-7505,elementum.sem.vitae@outlook.com,"Ap #691-6797 Elit, Av.",15,Mexico,Mersin,645643,"Quisque libero lacus, varius et, euismod et, commodo at, libero.",5,$62.89,GFN78FGO4NV
Gareth Hamilton,1-734-219-8635,interdum.ligula@google.net,Ap #994-6144 Massa St.,11,Italy,New South Wales,977653,luctus felis purus ac tellus. Suspendisse sed dolor. Fusce mi,7,$91.58,RLM36MLB4SX
Iris Alvarado,1-270-765-4510,montes.nascetur@google.org,9490 Pellentesque Av.,7,Mexico,Southeast Sulawesi,34877,"rutrum, justo. Praesent luctus. Curabitur egestas nunc sed libero. Proin",3,$88.00,FNU15MHQ8MW
Walker Horn,1-735-808-4532,consectetuer.adipiscing@icloud.ca,328-1369 Massa. St.,11,Vietnam,Castilla - La Mancha,95501,"at, iaculis quis, pede. Praesent eu dui. Cum sociis natoque",7,$58.34,ULB15BAZ5NB
Freya Robinson,(656) 615-1366,nonummy.ultricies@yahoo.ca,"Ap #911-6308 Id, Av.",5,Sweden,Mazowieckie,4645,volutpat. Nulla facilisis. Suspendisse commodo tincidunt nibh. Phasellus nulla. Integer,5,$95.36,XVM17PQW3YP
Ebony Soto,1-321-793-8687,ultrices@protonmail.com,951-7872 Cubilia Street,7,Canada,Huáběi,2416,eros. Nam consequat dolor vitae dolor. Donec fringilla. Donec feugiat,4,$82.79,UDN38LEU8JP
Jared Rowe,(738) 363-5206,dui@hotmail.net,"P.O. Box 952, 3076 Erat St.",19,Italy,North Island,1544,"Fusce dolor quam, elementum at, egestas a, scelerisque sed, sapien.",3,$40.23,UIA71PHD6JW
Nolan Owen,1-667-855-6819,mauris@google.couk,9773 Donec St.,3,Singapore,Östergötlands län,9146 UF,"pellentesque a, facilisis non, bibendum sed, est. Nunc laoreet lectus",4,$69.99,VDK36HVY1IQ
Acton Gentry,(913) 272-5989,proin.non@aol.ca,9284 Pede Ave,11,Turkey,Alajuela,566324,"Duis mi enim, condimentum eget, volutpat ornare, facilisis eget, ipsum.",8,$10.25,MVO50SON3WK
James Lowe,1-682-461-3425,aliquet.proin@protonmail.net,8981 Feugiat St.,15,Mexico,North Island,4279-5637,"penatibus et magnis dis parturient montes, nascetur ridiculus mus. Aenean",2,$67.57,CPR86KDV8YM
Bell Woodward,(258) 157-0627,eros.nam.consequat@icloud.org,146-6752 Integer St.,11,Germany,Kostroma Oblast,47188,"risus odio, auctor vitae, aliquet nec, imperdiet nec, leo. Morbi",1,$40.60,VGB34DPJ3KG
Colin Hoover,1-266-735-4130,nam@outlook.ca,420-9611 Auctor. St.,3,Italy,Cherkasy oblast,68856,odio. Aliquam vulputate ullamcorper magna. Sed eu eros. Nam consequat,2,$69.94,EIE62OCS4UE
Graiden Sutton,(770) 275-8236,ultrices.iaculis.odio@aol.edu,264-454 Feugiat Avenue,5,Indonesia,Innlandet,8242,"sollicitudin a, malesuada id, erat. Etiam vestibulum massa rutrum magna.",7,$77.94,DPX39HAF8NE
Jasper Warner,(740) 202-5046,egestas.urna.justo@protonmail.edu,9562 Orci Street,13,Poland,Leinster,942934,"dui. Suspendisse ac metus vitae velit egestas lacinia. Sed congue,",7,$90.54,QOV56JYB2ZE
Selma Huber,(686) 683-6522,mauris@hotmail.org,149-4685 Sociis Street,19,China,Sicilia,3177,"felis. Donec tempor, est ac mattis semper, dui lectus rutrum",1,$70.83,MYB13LLW2KW
Colton Norman,1-904-258-5227,pede.sagittis.augue@protonmail.couk,"P.O. Box 498, 3159 Augue Street",3,Mexico,Hessen,152457,"metus. In lorem. Donec elementum, lorem ut aliquam iaculis, lacus",9,$75.97,EJZ83KLD5WC
Adara Winters,1-658-345-5543,ante.dictum@yahoo.com,138-1419 Dolor St.,13,Peru,Sumy oblast,2035,gravida sagittis. Duis gravida. Praesent eu nulla at sem molestie,1,$19.48,JXR83LAP1JR
Zachery William,1-312-474-4217,tincidunt.nunc@hotmail.com,"P.O. Box 970, 3103 Elit. Road",7,Poland,Casanare,98893,fermentum metus. Aenean sed pede nec ante blandit viverra. Donec,9,$60.43,FQG27IYQ4FI
Cole Rivera,(576) 981-3211,commodo.ipsum.suspendisse@icloud.net,5199 Lobortis Avenue,13,Indonesia,Bengkulu,L3T 4R1,"eleifend, nunc risus varius orci, in consequat enim diam vel",3,$56.72,QOI84CFG2ZP
Kerry Chen,1-634-332-5547,torquent@google.couk,126-1598 Erat Rd.,13,Ukraine,Nordland,8033-2343,"risus. In mi pede, nonummy ut, molestie in, tempus eu,",2,$92.87,MVY64SGC1NE
Armando Graves,(205) 373-7045,nonummy.ac@outlook.net,"960-8954 Et, Rd.",3,Singapore,Tamaulipas,55876,justo sit amet nulla. Donec non justo. Proin non massa,1,$37.18,FPW78PLG4SO
Hu Wall,1-246-313-8577,orci.luctus@hotmail.ca,"P.O. Box 727, 1081 Quis, St.",3,United States,Ulster,4341-2361,"laoreet posuere, enim nisl elementum purus, accumsan interdum libero dui",8,$28.18,QGY56CYB8DZ
Ahmed Oliver,1-384-231-7502,curabitur@aol.ca,Ap #592-653 Litora St.,1,Nigeria,Burgenland,12803,"justo faucibus lectus, a sollicitudin orci sem eget massa. Suspendisse",4,$50.55,IXO85WSU3NY
Kirk Nixon,1-658-411-5652,ultrices@google.couk,440-658 Nec Road,11,Norway,Hà Giang,06686,"bibendum ullamcorper. Duis cursus, diam at pretium aliquet, metus urna",9,$30.40,NIN04YAT6TK
Avye Holland,(645) 834-6876,mi.duis.risus@outlook.net,Ap #398-4606 Lacinia. St.,19,Sweden,Ulyanovsk Oblast,663432,urna. Vivamus molestie dapibus ligula. Aliquam erat volutpat. Nulla dignissim.,3,$79.65,PUG52IDO7GP
Gwendolyn Hamilton,1-416-369-4647,aliquam.nisl@aol.couk,"P.O. Box 947, 4208 Nonummy. Road",19,Ukraine,Western Cape,1961,"diam nunc, ullamcorper eu, euismod ac, fermentum vel, mauris. Integer",2,$48.08,PWU47DWR9KP
Haviva Evans,(232) 708-4625,diam.nunc.ullamcorper@outlook.org,6676 Et Street,17,United Kingdom,Diyarbakır,7146,"dapibus gravida. Aliquam tincidunt, nunc ac mattis ornare, lectus ante",4,$61.81,LWB15CXD5QQ
Leo Kemp,(246) 862-7183,a.sollicitudin.orci@yahoo.net,Ap #540-7129 Pede. Street,15,South Africa,Alsace,441353,arcu eu odio tristique pharetra. Quisque ac libero nec ligula,2,$33.60,QML34FQG7IV
Ivy Sutton,1-643-252-1671,a.odio@aol.org,Ap #912-750 Orci Street,3,Nigeria,Languedoc-Roussillon,48863-42404,"at augue id ante dictum cursus. Nunc mauris elit, dictum",7,$3.04,EDZ50STJ1XG
Martina Blankenship,1-341-440-2387,varius.ultrices@google.edu,6920 Lacus. St.,9,Canada,Lambayeque,4470,ornare. In faucibus. Morbi vehicula. Pellentesque tincidunt tempus risus. Donec,0,$76.39,YGF51RUE6IG
Julie Morton,(516) 349-2443,ridiculus.mus.aenean@yahoo.com,Ap #375-8955 Sagittis. Avenue,15,Belgium,West Sulawesi,36258,"facilisis vitae, orci. Phasellus dapibus quam quis diam. Pellentesque habitant",4,$11.88,YQX09TIJ8DM
Hector Vance,1-447-765-2326,donec.vitae.erat@google.net,"P.O. Box 590, 3695 Vitae, Road",11,Canada,South Gyeongsang,32368,"ultricies ornare, elit elit fermentum risus, at fringilla purus mauris",1,$7.08,VYX46NLF5VW
Gareth Hammond,(541) 652-5496,vel.convallis@icloud.couk,2328 Nec Rd.,13,India,Donetsk oblast,37253,"non, vestibulum nec, euismod in, dolor. Fusce feugiat. Lorem ipsum",5,$92.71,FOT73KZL0NY
Hayden Schultz,(353) 765-2986,iaculis.quis.pede@protonmail.org,5571 Ac Avenue,9,Netherlands,Oslo,2138,mauris blandit mattis. Cras eget nisi dictum augue malesuada malesuada.,1,$3.03,OUE81VRB5KM
Gay Sykes,1-475-652-8424,massa.quisque@icloud.com,Ap #852-9269 Mollis. Av.,1,Austria,Kirov Oblast,205336,"orci, in consequat enim diam vel arcu. Curabitur ut odio",5,$48.27,IMM87LOI7DK
Hashim Henderson,1-851-419-8765,mauris.vel@aol.couk,Ap #730-7996 Consectetuer Street,5,New Zealand,Huáběi,968768,et netus et malesuada fames ac turpis egestas. Fusce aliquet,7,$8.71,BEC42SIE4OC
Nathaniel Carlson,(285) 828-1637,nec@outlook.edu,9456 Nullam St.,13,Chile,Vorarlberg,33338888,"nibh. Aliquam ornare, libero at auctor ullamcorper, nisl arcu iaculis",9,$74.89,SCD94BBI1QN
Charity Buckley,1-612-556-3232,et.nunc@yahoo.ca,Ap #948-4065 Convallis Av.,11,Vietnam,Lima,402609,"libero mauris, aliquam eu, accumsan sed, facilisis vitae, orci. Phasellus",3,$34.61,BSH36FPG7GU
Denise Mccall,(327) 473-3013,amet.nulla@yahoo.org,347-8706 Lobortis Road,5,United Kingdom,South Chungcheong,7794,"sapien, cursus in, hendrerit consectetuer, cursus et, magna. Praesent interdum",9,$23.49,BTO38HXQ7ST
Todd Faulkner,1-213-528-1312,pretium.aliquet.metus@yahoo.ca,886-5901 Quisque Rd.,17,Canada,Northwest Territories,33-52,"convallis ligula. Donec luctus aliquet odio. Etiam ligula tortor, dictum",6,$54.16,CWQ72WRZ5OR
Inga Pearson,1-427-458-7338,mauris.sit@outlook.couk,Ap #611-4346 Neque. Road,3,Chile,Bangka Belitung Islands,46857-50569,"vel, faucibus id, libero. Donec consectetuer mauris id sapien. Cras",4,$18.08,WYM89LBI6UW
Josephine Bailey,(435) 718-3604,tempus.lorem.fringilla@hotmail.couk,Ap #705-9162 Ultrices Av.,9,Spain,Haryana,8417,urna suscipit nonummy. Fusce fermentum fermentum arcu. Vestibulum ante ipsum,3,$64.21,LSZ22HGJ7WK
Damian English,(282) 430-1662,non@protonmail.com,"P.O. Box 454, 4309 Ornare Av.",11,Belgium,Hamburg,81567,"vitae, posuere at, velit. Cras lorem lorem, luctus ut, pellentesque",4,$51.95,VPV22RGM8OF
Avram Fuentes,1-629-814-7328,magna.suspendisse@icloud.couk,549-7707 Nullam Avenue,7,Nigeria,Bayern,7946,"dictum eu, placerat eget, venenatis a, magna. Lorem ipsum dolor",7,$6.72,WWK67ELV3YC
Brenna West,1-287-137-6193,ultricies.adipiscing@outlook.ca,Ap #487-5883 Fermentum Ave,7,Philippines,Sóc Trăng,Y2Z 4A5,"blandit viverra. Donec tempus, lorem fringilla ornare placerat, orci lacus",6,$93.85,RDD84MGZ2JJ
Quon Albert,1-344-255-7735,pellentesque.sed.dictum@icloud.com,Ap #735-4164 Phasellus St.,5,China,South Island,742546,"aliquet, metus urna convallis erat, eget tincidunt dui augue eu",5,$90.02,VZG12XUX5TV
Azalia Drake,1-136-248-1226,tincidunt.dui.augue@protonmail.net,272 Nulla Rd.,5,Peru,Salzburg,04377-51852,neque et nunc. Quisque ornare tortor at risus. Nunc ac,5,$59.12,VPE24OHD6JI
Wade Johnson,(597) 535-3304,accumsan.convallis@google.org,475-9799 Scelerisque Rd.,9,Sweden,Ulster,7307,"augue ut lacus. Nulla tincidunt, neque vitae semper egestas, urna",10,$84.35,WHB61GWD1ER
Barclay Mckenzie,1-541-406-5861,mauris.magna@google.ca,Ap #947-4970 Eu St.,19,Turkey,Rio de Janeiro,366458,"rutrum. Fusce dolor quam, elementum at, egestas a, scelerisque sed,",6,$42.20,IKP67RMO2SM
Sheila Huff,1-453-643-4185,urna.convallis.erat@google.edu,9220 Eu Avenue,3,Canada,Kherson oblast,5798,mauris. Morbi non sapien molestie orci tincidunt adipiscing. Mauris molestie,3,$62.60,BMT47HUH8GN
Anthony Figueroa,(827) 278-7849,nisi.a@yahoo.net,769-7633 Mollis St.,15,Peru,Auvergne,64-43,"Duis mi enim, condimentum eget, volutpat ornare, facilisis eget, ipsum.",4,$42.93,JAE72XSV2SB
Tamara Fox,1-390-784-3891,euismod@outlook.edu,5409 Aliquam St.,17,New Zealand,Cần Thơ,8346,"ut, molestie in, tempus eu, ligula. Aenean euismod mauris eu",2,$34.48,SRI73OVX8WL
Quamar Owen,(614) 663-7887,lacinia.sed@google.net,565-7472 Vel Ave,13,Brazil,Gilgit Baltistan,575312,In nec orci. Donec nibh. Quisque nonummy ipsum non arcu.,7,$87.85,YHP74CJG0KO
Ramona Mcdowell,1-461-722-4637,eget@google.com,"2843 Non, Rd.",15,Sweden,Aragón,610554,"vitae semper egestas, urna justo faucibus lectus, a sollicitudin orci",0,$0.57,DND23CKK6IF
Carson Murphy,1-286-845-8783,sagittis.felis@hotmail.com,Ap #896-1726 Malesuada Avenue,11,Austria,South Kalimantan,7761,ultrices posuere cubilia Curae Donec tincidunt. Donec vitae erat vel,7,$8.67,EXR73JZJ2HV
Yvonne Beck,1-638-745-1214,mus.donec@aol.edu,235-5173 Accumsan Street,11,Sweden,Xīběi,22023,risus. Donec egestas. Aliquam nec enim. Nunc ut erat. Sed,3,$97.63,GGK37CUS5CY
Upton Alexander,(838) 924-7617,libero.proin@hotmail.org,4047 Sit Rd.,11,Ukraine,Midi-Pyrénées,713762,"litora torquent per conubia nostra, per inceptos hymenaeos. Mauris ut",9,$44.84,PSZ71ZFF4EX
Cassady Bishop,(255) 528-8455,elit@protonmail.edu,"P.O. Box 382, 2242 Dis Ave",1,Nigeria,Kirkcudbrightshire,183242,"et, euismod et, commodo at, libero. Morbi accumsan laoreet ipsum.",1,$89.69,YGW51LZQ9TW
Thor Kent,1-362-648-7147,sed.congue.elit@yahoo.org,840-6204 Et Avenue,17,Canada,Emilia-Romagna,4472,"scelerisque neque sed sem egestas blandit. Nam nulla magna, malesuada",8,$46.42,UQK70NJE1XU
Montana Moss,1-727-433-8815,risus.varius@aol.couk,638-3923 Congue Rd.,17,Mexico,Guanacaste,412966,"sollicitudin commodo ipsum. Suspendisse non leo. Vivamus nibh dolor, nonummy",10,$25.90,EGI19BYH1TE
Elton Barr,(627) 417-3518,imperdiet@google.com,703-5066 Lobortis Ave,5,India,Quebec,195316,orci. Ut sagittis lobortis mauris. Suspendisse aliquet molestie tellus. Aenean,0,$5.99,WYC22TXH7ZY
Germaine Wiley,(450) 384-8682,mauris.elit@outlook.ca,"L2xpYi9hcGsvZGIvZ2VnZExxS0hhOXhwN053Qi54bWwK",17,Sweden,Georgia,7777,vestibulum massa rutrum magna. Cras convallis convallis dolor. Quisque tincidunt,10,$67.33,SDW73IVQ5WN
Fatima Sykes,1-685-681-3874,sapien.aenean.massa@yahoo.ca,"6067 Pede, St.",17,Chile,Risaralda,634402,"dui lectus rutrum urna, nec luctus felis purus ac tellus.",2,$38.74,KYH59GJJ5CN
Griffin Jimenez,(470) 265-3871,egestas.aliquam.nec@yahoo.couk,"P.O. Box 432, 6753 Cursus St.",17,Mexico,Podkarpackie,8793,"id, libero. Donec consectetuer mauris id sapien. Cras dolor dolor,",9,$86.36,DJC43UHK7JQ
Abel Dejesus,(809) 399-5852,mollis.duis.sit@google.net,348-7367 Phasellus Road,7,Germany,Antioquia,752757,lacus. Ut nec urna et arcu imperdiet ullamcorper. Duis at,6,$73.87,VMW34KQO3SV
Xandra Morrison,(311) 193-8409,consequat.auctor.nunc@icloud.org,216-3515 Lorem Street,11,Singapore,Vlaams-Brabant,2889,in faucibus orci luctus et ultrices posuere cubilia Curae Donec,7,$47.92,QLQ07NUP0ED
Winifred Hunter,1-333-417-1187,est@icloud.ca,"553-4252 Ac, Avenue",13,Colombia,Niedersachsen,258279,ut nisi a odio semper cursus. Integer mollis. Integer tincidunt,5,$84.42,LKC55QJX5NJ
Inez Pennington,1-276-774-7284,eu.nibh@yahoo.net,575-6860 Euismod Avenue,15,South Africa,Delta,46-66,"ullamcorper. Duis cursus, diam at pretium aliquet, metus urna convallis",4,$7.31,UBE55LMN0IP
Sebastian Deleon,1-429-735-2446,arcu.vel@hotmail.couk,Ap #167-4504 Sapien Road,17,Poland,Central Luzon,46583-58147,ligula. Aenean euismod mauris eu elit. Nulla facilisi. Sed neque.,5,$19.90,WBQ77FVY1GJ
Jaquelyn Good,1-272-752-1760,natoque.penatibus@aol.org,Ap #358-1744 Nec St.,3,Germany,Balochistan,34183,"Donec luctus aliquet odio. Etiam ligula tortor, dictum eu, placerat",3,$80.08,NBC81ZWL9VD
Harlan Floyd,(871) 987-5206,eu.accumsan@yahoo.couk,"P.O. Box 281, 7697 Hendrerit St.",3,Poland,Uttar Pradesh,51882,feugiat metus sit amet ante. Vivamus non lorem vitae odio,7,$37.74,IJQ85KFF8KD
Byron Johnston,1-483-652-7413,lectus.cum.sociis@outlook.ca,390 Auctor Rd.,1,Ukraine,Kaduna,873133,"et, lacinia vitae, sodales at, velit. Pellentesque ultricies dignissim lacus.",7,$12.67,KPV23MVG6XH
Herrod Zimmerman,1-131-354-1848,leo@aol.org,Ap #845-3915 Mattis. Ave,11,Costa Rica,Guaviare,31188,ipsum primis in faucibus orci luctus et ultrices posuere cubilia,9,$67.27,BYN83IHT4EQ
Bo Andrews,1-427-241-4492,odio.aliquam.vulputate@aol.edu,"P.O. Box 787, 6993 Lorem, Street",15,Indonesia,San José,276844,"ac mattis ornare, lectus ante dictum mi, ac mattis velit",9,$24.43,WHO13FGO7WP
Tallulah Sweeney,1-974-426-1145,metus@google.org,"P.O. Box 911, 9659 Ullamcorper St.",19,Chile,Central Region,59457,urna suscipit nonummy. Fusce fermentum fermentum arcu. Vestibulum ante ipsum,9,$15.61,FEJ65PQG8QJ
Cameron Washington,(720) 584-2737,ipsum.primis.in@icloud.ca,675-5316 Nisl. Av.,5,Singapore,Kherson oblast,257781,"orci, consectetuer euismod est arcu ac orci. Ut semper pretium",4,$90.82,NUB55DPV3GG
Justina Shannon,(773) 842-0868,donec@outlook.ca,"6450 Lacus, St.",9,Pakistan,Aceh,44086,lacus. Ut nec urna et arcu imperdiet ullamcorper. Duis at,5,$61.88,JEM20NFR2CE
Rajah Lucas,(882) 732-6312,ultrices.vivamus.rhoncus@outlook.couk,6483 Phasellus Ave,9,Ukraine,Prince Edward Island,88474,"leo elementum sem, vitae aliquam eros turpis non enim. Mauris",3,$41.90,WCB50GLR1SR
Chantale Fox,(186) 713-8214,diam@icloud.couk,7203 Donec Rd.,9,Singapore,Limón,41403,"feugiat. Lorem ipsum dolor sit amet, consectetuer adipiscing elit. Aliquam",3,$6.77,UKH86EXD6RB
Yeo Finch,(849) 334-5536,lacus.mauris@google.com,750-8043 Integer Street,11,Poland,Ohio,97855,"Nunc sollicitudin commodo ipsum. Suspendisse non leo. Vivamus nibh dolor,",10,$9.81,LXG10SZL0HV
Neve Riddle,1-773-457-3882,dictum@icloud.com,8903 Velit Rd.,7,South Africa,Zaporizhzhia oblast,53003-65828,odio. Nam interdum enim non nisi. Aenean eget metus. In,4,$74.64,YVT35GMF9QT
Astra Horn,(848) 680-3390,risus.duis@aol.net,9826 Eget Road,11,Russian Federation,Mpumalanga,4416,"non, sollicitudin a, malesuada id, erat. Etiam vestibulum massa rutrum",0,$3.17,HEJ75ACY7WX
Garth Reilly,(744) 287-1282,aenean@icloud.org,228-6012 Massa. Av.,19,New Zealand,Waals-Brabant,6734,"vitae, erat. Vivamus nisi. Mauris nulla. Integer urna. Vivamus molestie",7,$20.26,WKO87BHK2EF
Lael Berger,1-532-611-6662,lorem@aol.couk,142-3252 At Rd.,13,United States,Vestland,70893,neque non quam. Pellentesque habitant morbi tristique senectus et netus,9,$2.69,WRL37WZW2OK
Scarlet Walter,(933) 328-7259,in.at@google.com,Ap #753-5514 Libero Road,7,Italy,Glamorgan,343472,"placerat, orci lacus vestibulum lorem, sit amet ultricies sem magna",9,$12.71,CXH43OQQ8II
Maryam Baird,1-436-712-2678,cras.dictum@yahoo.ca,Ap #805-3339 Ac Rd.,11,Russian Federation,Đà Nẵng,06588,et malesuada fames ac turpis egestas. Aliquam fringilla cursus purus.,3,$19.33,PCW66BWR2IO
Kessie Mclean,1-269-834-7067,ultrices.vivamus.rhoncus@yahoo.edu,6721 Donec Street,11,South Africa,Gyeonggi,536427,Duis ac arcu. Nunc mauris. Morbi non sapien molestie orci,7,$54.43,WOL31QKY8QL
Leilani George,1-947-641-3092,aenean@google.org,Ap #260-1404 Cras St.,15,Ireland,Stockholms län,5238 CO,Proin ultrices. Duis volutpat nunc sit amet metus. Aliquam erat,0,$46.25,PWG67YKY0EC
Guinevere Knowles,(635) 439-9834,imperdiet.nec@google.ca,751-9401 Sed Rd.,19,Turkey,Bình Thuận,249498,Duis ac arcu. Nunc mauris. Morbi non sapien molestie orci,4,$52.68,ULI08TLH7UY
Nissim Walls,(354) 439-1246,et.ultrices@google.edu,290-9863 Pretium Ave,19,Sweden,Lubuskie,20175-19447,eu tempor erat neque non quam. Pellentesque habitant morbi tristique,1,$17.35,RBU41IIV8HO
Sydnee Burks,1-830-736-6678,donec.dignissim@yahoo.net,452-8461 Natoque Av.,15,New Zealand,Ninh Thuận,1550,nascetur ridiculus mus. Donec dignissim magna a tortor. Nunc commodo,0,$37.68,QMC26QCU6DC
Gregory Boyer,(843) 976-9502,rutrum@aol.net,1706 Ornare. Avenue,19,Turkey,Gilgit Baltistan,3310,sem magna nec quam. Curabitur vel lectus. Cum sociis natoque,9,$65.53,LED21MXK1WU
Vincent Serrano,1-517-605-8778,risus.in.mi@icloud.net,"P.O. Box 875, 4994 Cras Street",13,Singapore,Puno,8426 ZJ,"vel est tempor bibendum. Donec felis orci, adipiscing non, luctus",6,$75.51,LSK37VUP6NO
Hamish Andrews,(171) 402-4653,sapien.aenean@google.org,541-4983 Leo. Rd.,5,Canada,Franche-Comté,274826,"augue eu tellus. Phasellus elit pede, malesuada vel, venenatis vel,",10,$90.09,HNW78XJX3UW
Ulysses Potts,(688) 702-7222,sodales@google.ca,Ap #186-7955 Enim Rd.,13,India,North-East Region,808744,Donec vitae erat vel pede blandit congue. In scelerisque scelerisque,1,$76.68,RTU49KKG7DQ
Jaime Estes,(297) 247-1439,posuere@yahoo.ca,869-5823 Tortor St.,1,South Korea,South Island,76655,"nisi magna sed dui. Fusce aliquam, enim nec tempus scelerisque,",8,$7.54,JNI76DOV5FL
Justina Day,1-481-827-4194,vitae@hotmail.couk,Ap #324-7969 Dolor. Ave,13,Peru,Picardie,7240,"ac tellus. Suspendisse sed dolor. Fusce mi lorem, vehicula et,",9,$74.68,EWN39RCF2SV
Yuri Malone,(298) 665-2284,feugiat.nec@google.com,Ap #126-3297 Sed Rd.,9,Belgium,Languedoc-Roussillon,8229,Curabitur vel lectus. Cum sociis natoque penatibus et magnis dis,6,$20.07,GEK27YWO3PM
Brett Alvarado,1-227-606-5393,nisi.nibh.lacinia@outlook.org,350-732 Risus Av.,1,Turkey,Sachsen,42254-60666,Nullam nisl. Maecenas malesuada fringilla est. Mauris eu turpis. Nulla,8,$50.89,UVY61OJT8UK
Aileen Calhoun,1-586-573-7681,tempus.lorem@yahoo.org,"P.O. Box 951, 9570 Mi Avenue",1,Peru,Pará,625875,metus sit amet ante. Vivamus non lorem vitae odio sagittis,6,$56.63,TUC24DLH1FI
Ivory Lynch,(285) 768-3258,cras.sed@google.edu,"P.O. Box 183, 6223 Ipsum. Av.",7,Netherlands,Quebec,223492,"litora torquent per conubia nostra, per inceptos hymenaeos. Mauris ut",5,$11.40,JLS26KYF7YC
Reese Allison,1-648-388-2824,nullam.vitae.diam@aol.com,"P.O. Box 536, 2854 Ultrices, Av.",3,China,Bauchi,35327,interdum. Curabitur dictum. Phasellus in felis. Nulla tempor augue ac,9,$89.97,YQD14LUW1UM
Paul Rice,1-454-281-7771,sed@hotmail.couk,927-8057 Eu Av.,3,Mexico,Zachodniopomorskie,3454-7126,"felis eget varius ultrices, mauris ipsum porta elit, a feugiat",6,$1.16,NBV35FKN3JT
Shelly Osborn,1-822-678-7814,vivamus.rhoncus.donec@protonmail.net,626 Orci Street,5,Colombia,West-Vlaanderen,53872,a tortor. Nunc commodo auctor velit. Aliquam nisl. Nulla eu,5,$29.26,BGR74QDR8XU
Gisela Gallegos,(620) 355-9015,morbi.tristique.senectus@hotmail.ca,"P.O. Box 103, 2134 Montes, Road",17,Austria,KwaZulu-Natal,25982,nulla. Donec non justo. Proin non massa non ante bibendum,10,$88.06,IQW09FTF2OQ
Abel Paul,1-524-928-1744,neque.pellentesque@hotmail.couk,Ap #918-6038 Ut Street,7,Singapore,Salzburg,9948,"mollis lectus pede et risus. Quisque libero lacus, varius et,",4,$36.26,VZA21NRS1WV
Josiah Riley,1-227-983-6901,integer.urna@icloud.ca,6319 Orci. St.,5,France,Limousin,5128,"Vivamus rhoncus. Donec est. Nunc ullamcorper, velit in aliquet lobortis,",6,$58.25,RDJ84WWS5GS
Alfreda Hughes,1-586-433-3494,ornare.libero.at@icloud.ca,911-3279 Velit. Rd.,17,New Zealand,East Region,54833,"auctor, velit eget laoreet posuere, enim nisl elementum purus, accumsan",0,$3.90,VJF47MAB1VF
Miriam Sykes,(743) 859-8512,magna.a.tortor@hotmail.edu,992-2545 Adipiscing Avenue,13,Italy,Northwest Territories,8729,"amet, consectetuer adipiscing elit. Etiam laoreet, libero et tristique pellentesque,",4,$49.06,EJG93OOG1RH
Kylie Gray,1-530-411-2389,sagittis.semper@hotmail.ca,384-4879 Auctor Av.,7,Italy,Ohio,187853,"mauris elit, dictum eu, eleifend nec, malesuada ut, sem. Nulla",6,$30.05,JEH23WIA3OI
Lois Cherry,1-997-113-5816,massa@protonmail.edu,"P.O. Box 920, 4525 Risus. Road",7,United Kingdom,Irkutsk Oblast,65-465,"bibendum sed, est. Nunc laoreet lectus quis massa. Mauris vestibulum,",7,$90.47,SHX69WDX4VL
Renee Casey,1-807-658-3866,elementum.at@outlook.com,"P.O. Box 362, 7483 Ac St.",13,Costa Rica,South Chungcheong,64-85,"bibendum. Donec felis orci, adipiscing non, luctus sit amet, faucibus",9,$79.71,EOM73ZMU9TQ
August Rice,(868) 895-0377,ultrices.a.auctor@outlook.edu,8367 Fusce Road,11,Italy,Luik,1431 TK,iaculis odio. Nam interdum enim non nisi. Aenean eget metus.,9,$57.50,AGF25COQ1UH
Alice Oliver,(785) 959-2170,mauris.ut@aol.ca,361-7811 Nunc St.,9,Italy,Zachodniopomorskie,2875,nisl. Quisque fringilla euismod enim. Etiam gravida molestie arcu. Sed,8,$50.46,CIV23GVN4RW
Melvin Howard,(383) 863-6646,aenean@icloud.com,"Ap #833-2359 Dui, St.",11,Philippines,Van,790972,Aliquam erat volutpat. Nulla facilisis. Suspendisse commodo tincidunt nibh. Phasellus,5,$51.60,VXR33ESJ4WU
Deacon Rivers,(306) 880-8354,eu@protonmail.ca,Ap #957-5408 Commodo Av.,7,Ireland,Bretagne,7537,"laoreet ipsum. Curabitur consequat, lectus sit amet luctus vulputate, nisi",1,$79.71,WCL06YOY6OO
Brynn Allison,(761) 115-3066,fermentum.fermentum.arcu@yahoo.com,504-8437 Eleifend. Road,3,Mexico,Veneto,21846-04272,tincidunt. Donec vitae erat vel pede blandit congue. In scelerisque,2,$70.05,JFV93QBE6TY
Kyla Giles,(278) 328-6065,purus@hotmail.org,329-9949 Odio Av.,1,Sweden,Zhōngnán,181449,"nisl sem, consequat nec, mollis vitae, posuere at, velit. Cras",1,$95.15,MGR84EUU8AT
Coby O'connor,(703) 426-8286,integer@hotmail.net,786-7921 Dolor Street,9,Vietnam,Noord Brabant,5751,ipsum. Phasellus vitae mauris sit amet lorem semper auctor. Mauris,10,$54.62,FMY62OWT7FS
Nicholas Bryant,1-662-818-4063,ac.mattis.ornare@google.org,"P.O. Box 862, 1033 Eget Street",11,Russian Federation,Hessen,0355,sem eget massa. Suspendisse eleifend. Cras sed leo. Cras vehicula,3,$29.22,RIC91THJ2GP
Ali Todd,(776) 581-7926,augue.id@icloud.edu,"959 A, Street",17,Chile,Paraíba,T3B 1Z0,"Aliquam nec enim. Nunc ut erat. Sed nunc est, mollis",2,$46.12,BKM14OHW4JA
Abdul Frederick,(182) 163-5576,nulla@yahoo.com,Ap #334-2536 Mauris Ave,5,Norway,Vlaams-Brabant,1227,"Class aptent taciti sociosqu ad litora torquent per conubia nostra,",8,$19.17,MDG98XJC7WQ
Yael Allen,1-840-158-8140,aliquet.odio.etiam@yahoo.couk,"227-320 Vel, St.",9,France,Cherkasy oblast,190411,congue. In scelerisque scelerisque dui. Suspendisse ac metus vitae velit,10,$38.47,LYJ57MTS1JU
Larissa Hensley,(423) 730-9038,donec.egestas@yahoo.edu,"P.O. Box 927, 3618 Mauris Rd.",11,Norway,Ulster,6811,sed tortor. Integer aliquam adipiscing lacus. Ut nec urna et,5,$47.38,OLG25UGP1TV
Sybill Cummings,(734) 725-8629,egestas@aol.ca,Ap #218-1196 Turpis Ave,17,South Africa,North Jeolla,345269,"id, blandit at, nisi. Cum sociis natoque penatibus et magnis",1,$77.40,EMK21KMN6GJ
Adele Mann,1-820-886-6116,sed@icloud.couk,3570 Tortor. Avenue,5,Poland,Western Australia,480147,Sed molestie. Sed id risus quis diam luctus lobortis. Class,4,$73.48,OYU70JXY2SY
Todd Wolfe,1-763-234-3603,pede.ultrices@hotmail.edu,6877 Donec Rd.,19,India,Vienna,0836,Sed dictum. Proin eget odio. Aliquam vulputate ullamcorper magna. Sed,4,$99.65,ZCR21ASM7CK
Mercedes Hendricks,1-681-394-3851,odio.phasellus@outlook.net,786-5035 Eros St.,19,Poland,Bicol Region,60737,scelerisque neque. Nullam nisl. Maecenas malesuada fringilla est. Mauris eu,9,$18.87,UYH74MLG1SB
Carlos Sheppard,1-575-785-3442,sem@protonmail.ca,Ap #747-7401 Est St.,15,Sweden,Emilia-Romagna,15548,"sit amet diam eu dolor egestas rhoncus. Proin nisl sem,",8,$17.81,IPR18GYE3RJ
Winifred Rasmussen,1-645-838-2921,tristique.senectus@google.ca,503-2874 Arcu Street,15,Colombia,Orenburg Oblast,02963-45131,vestibulum. Mauris magna. Duis dignissim tempor arcu. Vestibulum ut eros,3,$99.71,CQS75HFD3YQ
Orson Diaz,1-651-817-1615,aliquam.vulputate.ullamcorper@protonmail.ca,"Ap #427-3429 Eu, St.",17,United States,Risaralda,89379,"magna. Ut tincidunt orci quis lectus. Nullam suscipit, est ac",2,$26.16,RCS37CYS8UY
Kibo Strickland,(541) 288-8619,arcu@yahoo.couk,414-6258 Diam. Rd.,19,United Kingdom,Henegouwen,19512,"ac, eleifend vitae, erat. Vivamus nisi. Mauris nulla. Integer urna.",4,$13.80,NFU23NDU2VT
Sacha Booker,1-858-419-9475,dictum.cursus.nunc@outlook.org,1943 Neque Ave,17,Chile,South Australia,1568-5859,"ut odio vel est tempor bibendum. Donec felis orci, adipiscing",5,$14.56,VTN43EUW2GR
Jameson Castro,(618) 256-2746,nunc.ullamcorper@hotmail.org,495 Dignissim Av.,15,Nigeria,Paraná,182118,"a ultricies adipiscing, enim mi tempor lorem, eget mollis lectus",2,$86.98,ZUG17RDV1TT
Neil Patel,(735) 364-3434,nec.ante@google.couk,321-6322 Magna. Rd.,1,Germany,Limón,6848,eu tempor erat neque non quam. Pellentesque habitant morbi tristique,10,$25.13,AEM57TOQ2RK
Alan Joyce,(930) 528-4328,aliquam.iaculis@icloud.net,2891 Fames Rd.,9,China,Saskatchewan,254328,"pretium aliquet, metus urna convallis erat, eget tincidunt dui augue",4,$52.18,YRT27FHU3FV
Hollee Valdez,1-425-730-8700,tortor.at@google.edu,"212 Dolor, Rd.",17,Germany,Cantabria,224233,faucibus orci luctus et ultrices posuere cubilia Curae Phasellus ornare.,1,$9.25,IGZ15MHF4DX
Jada Byrd,(225) 526-7753,magna@google.couk,"P.O. Box 807, 8383 Auctor. Av.",19,South Africa,Bretagne,44210,"felis orci, adipiscing non, luctus sit amet, faucibus ut, nulla.",4,$26.18,JKL51CIA6BC
Summer Gates,1-549-221-4664,a.sollicitudin@icloud.com,8893 Nibh. Avenue,3,United Kingdom,West-Vlaanderen,76153,tortor. Integer aliquam adipiscing lacus. Ut nec urna et arcu,4,$51.56,UIF09SLL7CY
Christopher Long,(175) 811-6690,mollis@outlook.net,588-2460 Metus St.,9,China,Queensland,14456,"nec ante. Maecenas mi felis, adipiscing fringilla, porttitor vulputate, posuere",9,$27.47,XTB16NEW6CZ
Talon Mclaughlin,1-275-400-9402,curabitur.egestas@aol.couk,Ap #482-7419 Enim. Ave,19,Chile,Oslo,66115,Duis a mi fringilla mi lacinia mattis. Integer eu lacus.,5,$95.81,UNR56TOV3SW
Craig Burke,(304) 180-4347,congue.turpis.in@aol.edu,"P.O. Box 780, 6023 Non Rd.",15,Turkey,Auvergne,43686-178,"eget varius ultrices, mauris ipsum porta elit, a feugiat tellus",3,$38.91,MTQ44YXZ2OO
Desirae Griffith,1-764-665-7961,ultrices.vivamus@aol.edu,Ap #819-2409 Massa. Street,19,France,Friesland,39571,orci luctus et ultrices posuere cubilia Curae Donec tincidunt. Donec,3,$15.87,GBY05PTJ8RQ
Daryl Delgado,(757) 512-1762,est@outlook.couk,Ap #108-5686 Augue Street,1,New Zealand,Gorontalo,56814,Nulla semper tellus id nunc interdum feugiat. Sed nec metus,4,$9.77,GIR38TNX9NP
Rooney Guerrero,1-512-319-5832,penatibus.et.magnis@hotmail.net,"P.O. Box 664, 1676 Enim. Av.",11,Mexico,Omsk Oblast,452358,"ante. Maecenas mi felis, adipiscing fringilla, porttitor vulputate, posuere vulputate,",2,$75.71,TNQ86MRR6WJ
Nina Barrett,(468) 881-8567,a.purus@hotmail.couk,Ap #657-8173 Vel St.,7,South Africa,Córdoba,9458,"purus ac tellus. Suspendisse sed dolor. Fusce mi lorem, vehicula",7,$98.35,JIN47GHS3CN
Bevis Ellison,1-578-389-1315,donec.tempor@yahoo.com,Ap #842-5970 Per Avenue,7,Germany,Uttar Pradesh,634657,Phasellus in felis. Nulla tempor augue ac ipsum. Phasellus vitae,10,$85.32,JWZ58YMN8IM
Shoshana Wilkerson,1-767-745-1634,lacus.mauris.non@outlook.net,"Ap #147-722 Et, St.",1,United Kingdom,Tyrol,393270,neque. Nullam ut nisi a odio semper cursus. Integer mollis.,1,$80.48,CNC31QRU5ZM
Arsenio Potts,1-586-712-9132,magna.a.neque@protonmail.ca,822-2159 Nec Avenue,19,Belgium,Gorontalo,461009,"vitae, erat. Vivamus nisi. Mauris nulla. Integer urna. Vivamus molestie",2,$20.68,EBW72CVB1IO
Frances Rollins,1-479-564-0612,feugiat.non@hotmail.couk,144-1221 Enim Rd.,13,Colombia,Euskadi,32355,"laoreet posuere, enim nisl elementum purus, accumsan interdum libero dui",1,$50.24,BSW72JFS7NU
Isabella Sawyer,(341) 724-6781,augue@yahoo.net,826-5505 Nullam Av.,17,Singapore,Puebla,71236-87334,"aptent taciti sociosqu ad litora torquent per conubia nostra, per",9,$16.92,POB51DRL2RS
Daniel Hendrix,(348) 495-6593,nonummy.ut@icloud.net,529-1093 Vulputate Rd.,7,Singapore,Leinster,645854,tincidunt vehicula risus. Nulla eget metus eu erat semper rutrum.,7,$75.48,CFO88TMJ8XR
Rebekah Blevins,(415) 533-5931,sit.amet@hotmail.ca,"P.O. Box 103, 6604 Et Rd.",15,Austria,Centre,580207,"laoreet, libero et tristique pellentesque, tellus sem mollis dui, in",4,$63.30,MRA47YHN3AM
Katell Bridges,(851) 255-7231,morbi.accumsan@hotmail.net,9276 Pede St.,17,Philippines,Victoria,3505,molestie arcu. Sed eu nibh vulputate mauris sagittis placerat. Cras,9,$54.23,SUI89SKC8ED
Ezekiel Buckner,1-361-704-5747,imperdiet@google.org,735-8914 Leo. Av.,9,South Africa,North Region,47305-59595,dignissim tempor arcu. Vestibulum ut eros non enim commodo hendrerit.,6,$75.06,QVY52KJD6TL
Rhiannon Duke,1-186-980-2899,tristique@yahoo.couk,198-6514 Eu St.,7,Belgium,North Gyeongsang,390700,"ac mattis velit justo nec ante. Maecenas mi felis, adipiscing",6,$86.91,UED13HPR2XI
Tiger Knowles,1-430-532-2930,aliquet@icloud.couk,9274 Luctus Rd.,1,Norway,North Island,64987,eu odio tristique pharetra. Quisque ac libero nec ligula consectetuer,8,$30.61,FJJ61ETF1GS
Levi Baker,(725) 757-7368,egestas.nunc.sed@outlook.edu,Ap #247-7344 Sapien Av.,1,Singapore,Paraná,851923,Fusce aliquet magna a neque. Nullam ut nisi a odio,2,$83.20,DYL68NSH0VF
Robert Alford,(440) 321-2691,sed.nunc.est@protonmail.couk,Ap #832-6295 Sodales Av.,13,Russian Federation,Franche-Comté,22666-54852,"Aenean massa. Integer vitae nibh. Donec est mauris, rhoncus id,",1,$51.23,JUC22XDS1PS
Oliver Lambert,1-253-647-1212,cursus.nunc@yahoo.ca,"P.O. Box 659, 5622 Nec Rd.",15,Belgium,Rivers,6822,"nunc ac mattis ornare, lectus ante dictum mi, ac mattis",3,$99.58,YTR58BDT3DO
Yvonne Howard,(142) 160-8114,nunc@hotmail.org,Ap #849-9837 Lectus Rd.,17,South Korea,Lima,B2K 9W5,"mauris ut mi. Duis risus odio, auctor vitae, aliquet nec,",3,$65.61,RCU02GEL8TO
Bernard Buckner,(844) 774-6814,et.magnis@aol.net,"P.O. Box 963, 1042 Bibendum. Rd.",3,Belgium,Benue,3660,erat volutpat. Nulla facilisis. Suspendisse commodo tincidunt nibh. Phasellus nulla.,6,$34.42,KQM06YVD8KX
Harding Lara,1-752-547-1740,egestas@google.org,5951 Varius St.,7,Sweden,Gauteng,6059 OF,ac orci. Ut semper pretium neque. Morbi quis urna. Nunc,8,$72.65,CJG16MPR0OC
Stephen Wallace,(547) 587-1656,nunc@hotmail.org,456-8038 Risus. Rd.,3,Sweden,Kahramanmaraş,736005,"felis purus ac tellus. Suspendisse sed dolor. Fusce mi lorem,",7,$1.27,OQB23IWI5QM
Pandora George,(738) 772-8781,lacus.varius@icloud.com,603 Turpis Rd.,5,United States,Borno,83-780,amet ultricies sem magna nec quam. Curabitur vel lectus. Cum,5,$65.60,HER32BUU0WQ
Amanda Hendrix,1-181-341-5462,varius.nam@hotmail.net,"P.O. Box 296, 334 Amet, Ave",1,Vietnam,Queensland,26438,amet risus. Donec egestas. Aliquam nec enim. Nunc ut erat.,7,$65.38,JTV51SUV8RP
Pamela Patrick,1-552-217-9686,tempor.diam@icloud.edu,9399 Sed St.,13,Brazil,Veracruz,454365,"in, tempus eu, ligula. Aenean euismod mauris eu elit. Nulla",10,$86.33,VFW15GXK3OG
Kelly Morse,(623) 302-6775,elementum@protonmail.com,639-3544 Mi Av.,11,India,Limburg,88424,neque. Morbi quis urna. Nunc quis arcu vel quam dignissim,9,$35.68,XBF66KGR2HO
Astra Mathews,1-786-871-9311,parturient.montes.nascetur@yahoo.couk,623-7021 Nascetur Rd.,7,Netherlands,Tennessee,2271-3833,"mauris ut mi. Duis risus odio, auctor vitae, aliquet nec,",2,$39.66,LEM51SCE9WB
Chadwick Moody,1-986-554-1640,duis@yahoo.org,376-6730 Lorem St.,5,Australia,Puntarenas,12614,"luctus sit amet, faucibus ut, nulla. Cras eu tellus eu",4,$12.38,BOL14JCX2OG
Hammett Bowen,1-272-370-6905,et.malesuada@google.org,"P.O. Box 379, 8504 Risus. Road",9,New Zealand,North-East Region,163084,"tellus. Suspendisse sed dolor. Fusce mi lorem, vehicula et, rutrum",8,$92.10,CWU26BEE2GG
Vera Mcdonald,1-137-404-8850,eros.nec@aol.couk,"P.O. Box 423, 5670 Ligula. Av.",5,Vietnam,Ninh Bình,44777,Phasellus vitae mauris sit amet lorem semper auctor. Mauris vel,7,$26.55,KWE56LVU8WN
Kelly Parsons,1-147-238-7814,risus.donec@icloud.org,"P.O. Box 839, 2960 Neque. Avenue",9,Pakistan,Central Luzon,53558,nec urna et arcu imperdiet ullamcorper. Duis at lacus. Quisque,10,$64.79,UIA35IFJ1BW
Allistair Martin,(929) 883-5454,in@aol.ca,Ap #297-5432 Phasellus Av.,17,Philippines,North Island,566586,lobortis quam a felis ullamcorper viverra. Maecenas iaculis aliquet diam.,6,$2.15,TFY06EWU9DM
Nelle Whitehead,1-494-617-2376,quisque.purus.sapien@google.net,"P.O. Box 225, 8776 Luctus. Street",9,Nigeria,Bursa,9465-3271,ipsum primis in faucibus orci luctus et ultrices posuere cubilia,4,$25.81,VNH13IFO1HY
Chaim Meyer,(804) 383-5865,elit.pretium@aol.ca,Ap #254-3143 Libero. Rd.,1,South Africa,Lubuskie,348927,lorem vitae odio sagittis semper. Nam tempor diam dictum sapien.,2,$75.50,RGU44WBG6SP
Rinah Wagner,(670) 372-2962,congue.in.scelerisque@yahoo.edu,Ap #462-3178 Eu Ave,5,Indonesia,Magadan Oblast,23166,"ut, pharetra sed, hendrerit a, arcu. Sed et libero. Proin",8,$52.77,VSQ82XHL8XI
Hayfa Newton,1-572-245-7133,phasellus@icloud.edu,Ap #897-3975 Ornare Rd.,17,Sweden,Oaxaca,U4 6HH,"euismod ac, fermentum vel, mauris. Integer sem elit, pharetra ut,",10,$92.49,TZU45HAV6AC
Nathan Peters,(576) 432-5214,ipsum@google.couk,150-8453 Blandit Road,3,Indonesia,Central Region,8840,"convallis in, cursus et, eros. Proin ultrices. Duis volutpat nunc",1,$97.92,QME23EXM1EH
Fletcher Kane,1-654-988-7712,non@yahoo.ca,Ap #207-2209 Tempor Street,9,United States,Hatay,12456,"et, rutrum eu, ultrices sit amet, risus. Donec nibh enim,",4,$35.91,MEO66JKA0SL
Timothy Erickson,(864) 873-9418,phasellus.at@icloud.ca,5287 Mauris St.,3,Netherlands,North-East Region,S7K 4FH,"Suspendisse dui. Fusce diam nunc, ullamcorper eu, euismod ac, fermentum",7,$68.89,JSM25RZV8TK
Leonard Russo,(849) 267-5915,ornare.sagittis@aol.org,648-9442 Nulla. Rd.,5,Turkey,Basse-Normandie,68553,"sed dui. Fusce aliquam, enim nec tempus scelerisque, lorem ipsum",0,$80.27,SGZ47NIR2TC
Freya Frye,1-413-863-7534,pede@yahoo.net,356-4757 Sed Ave,15,China,Ivano-Frankivsk oblast,646861,a nunc. In at pede. Cras vulputate velit eu sem.,9,$1.76,QCK21HVT7OJ
Carissa Sanders,(713) 455-8241,elit.aliquam.auctor@protonmail.edu,664-2982 Elit Road,17,Indonesia,Derbyshire,51938,amet ultricies sem magna nec quam. Curabitur vel lectus. Cum,10,$79.66,DPM77UJN6MB
Xaviera Sexton,(642) 188-3132,enim.condimentum@google.couk,922-6163 Suspendisse Street,9,Vietnam,Gyeonggi,27-82,Nullam lobortis quam a felis ullamcorper viverra. Maecenas iaculis aliquet,8,$30.23,DES20XGN0KF
Wynter Kirk,1-548-397-3824,ullamcorper.duis@aol.couk,Ap #455-1834 Nec Rd.,17,Chile,Central Sulawesi,65958-656,neque venenatis lacus. Etiam bibendum fermentum metus. Aenean sed pede,1,$3.39,PQO46CAK1WT
Ruby Marks,(366) 711-8925,venenatis.lacus@protonmail.couk,6343 Quis St.,15,Chile,Western Australia,6629,"eu, euismod ac, fermentum vel, mauris. Integer sem elit, pharetra",1,$60.13,XFT11NUJ8CR
Hop Hodges,(801) 374-6140,vel.est@hotmail.couk,"P.O. Box 941, 4655 Neque Avenue",7,India,Tripura,CH3 5RB,"amet, consectetuer adipiscing elit. Aliquam auctor, velit eget laoreet posuere,",3,$32.85,TJX14YCK8WB
Chastity Todd,(580) 466-0868,primis.in@protonmail.org,"P.O. Box 107, 4258 Tristique Rd.",15,New Zealand,Kahramanmaraş,115635,"et, magna. Praesent interdum ligula eu enim. Etiam imperdiet dictum",4,$62.52,NGA63XBY2PJ
Lois Jefferson,1-736-683-5835,ullamcorper.eu@google.edu,Ap #107-1519 Facilisis Ave,11,Chile,Munster,247783,"sollicitudin commodo ipsum. Suspendisse non leo. Vivamus nibh dolor, nonummy",6,$93.38,ZBL64TDK1MM
Molly Dickerson,(458) 254-8685,cursus.et.magna@google.net,Ap #336-333 Morbi St.,15,Austria,Canarias,33755,"et, euismod et, commodo at, libero. Morbi accumsan laoreet ipsum.",5,$99.67,NIL64JBX5EM
Charles Alvarez,(838) 500-3764,non.lacinia.at@hotmail.com,587-5648 Bibendum Av.,13,Brazil,Cusco,11140,fringilla purus mauris a nunc. In at pede. Cras vulputate,9,$89.85,KHJ17PYH2TD
Garrison Watson,(838) 734-6628,auctor.odio@protonmail.net,Ap #659-2247 Cras Avenue,3,Austria,Paraíba,23-740,"consectetuer adipiscing elit. Etiam laoreet, libero et tristique pellentesque, tellus",0,$5.77,SPI27YNA5QF
Magee Wood,1-316-151-9412,mus.donec@protonmail.ca,Ap #233-2678 Sapien Avenue,19,Austria,Namen,160740,"Nam nulla magna, malesuada vel, convallis in, cursus et, eros.",6,$24.37,OUF85HOI2DX
Naida Franklin,1-396-238-7757,ut.pellentesque@outlook.org,123-3110 Nulla Rd.,13,Mexico,Manitoba,56332-84711,vitae aliquam eros turpis non enim. Mauris quis turpis vitae,6,$93.10,EZL26WIP1EF
Adele Peterson,(992) 964-6988,sed.pede.cum@yahoo.ca,Ap #321-5756 Mus. St.,9,Mexico,Hidalgo,811368,feugiat metus sit amet ante. Vivamus non lorem vitae odio,5,$97.66,IRY38NJG8XE
Odysseus Aguirre,1-641-361-5371,rhoncus.donec@icloud.org,"335-6696 Iaculis, Street",9,Poland,Rio Grande do Sul,1152-5280,ornare lectus justo eu arcu. Morbi sit amet massa. Quisque,6,$43.25,NTD14ESU0EA
Vladimir Howard,(272) 683-2625,ut.sagittis@icloud.edu,Ap #993-2138 Mauris Av.,3,China,Aydın,56718-044,pulvinar arcu et pede. Nunc sed orci lobortis augue scelerisque,7,$39.71,XHL51TNO7QL
Carolyn Sanders,1-566-238-0684,purus.nullam.scelerisque@outlook.edu,380-1381 A St.,3,China,North Island,85843,ut quam vel sapien imperdiet ornare. In faucibus. Morbi vehicula.,5,$40.64,PCC06PQR6MH
Sydney Bean,1-905-169-6362,enim.sit@outlook.net,"P.O. Box 511, 7578 Mollis Rd.",15,Ukraine,Junín,531492,adipiscing elit. Curabitur sed tortor. Integer aliquam adipiscing lacus. Ut,10,$8.89,AGR47JXJ9DL
Fitzgerald Spears,1-226-765-9538,tincidunt.neque@google.ca,Ap #694-8909 Phasellus Ave,5,Colombia,Rio Grande do Sul,Y2H 3E5,Nam ac nulla. In tincidunt congue turpis. In condimentum. Donec,6,$87.09,PMV78VUK5VF
Harding Wood,(634) 555-8352,turpis.nec.mauris@yahoo.couk,Ap #354-8260 Lobortis Rd.,17,Singapore,Trøndelag,86090-151,"ligula. Donec luctus aliquet odio. Etiam ligula tortor, dictum eu,",2,$93.83,FOJ75DKJ5FJ
Melissa Miles,(136) 311-2818,fringilla@google.couk,Ap #255-550 Malesuada Ave,9,Italy,Sachsen,185068,turpis. Nulla aliquet. Proin velit. Sed malesuada augue ut lacus.,5,$29.03,IGJ46PAZ2HC
Chava Jacobson,(883) 463-8874,erat.nonummy.ultricies@yahoo.couk,6404 Elit. Rd.,1,New Zealand,Xīnán,11381-37546,hymenaeos. Mauris ut quam vel sapien imperdiet ornare. In faucibus.,7,$81.36,HWW53VPH6MT
Whilemina Dale,(213) 511-3754,luctus@yahoo.com,6628 Sodales Road,1,Sweden,Yucatán,795407,tincidunt vehicula risus. Nulla eget metus eu erat semper rutrum.,8,$66.02,RSB95FQC1LY
Keith Kline,1-781-535-5068,sit.amet@outlook.com,"P.O. Box 572, 9968 Sollicitudin Road",3,United States,Lower Austria,443662,"venenatis vel, faucibus id, libero. Donec consectetuer mauris id sapien.",0,$68.60,RST54BHP7XJ
Walter Warner,(225) 763-6507,consectetuer@yahoo.ca,343-6530 Arcu Street,1,Vietnam,Kansas,74998,"ante bibendum ullamcorper. Duis cursus, diam at pretium aliquet, metus",7,$36.29,OZC76SNZ2AD
Tamekah West,(757) 832-9173,consectetuer.adipiscing@yahoo.net,Ap #532-3636 Tellus Rd.,5,Mexico,Dadra and Nagar Haveli,42374,dui nec urna suscipit nonummy. Fusce fermentum fermentum arcu. Vestibulum,2,$68.48,HCF20CEW2RX
Doris Morrow,1-385-625-6796,nam.porttitor@protonmail.com,Ap #260-3565 Auctor Av.,9,Poland,Ancash,68253,"egestas rhoncus. Proin nisl sem, consequat nec, mollis vitae, posuere",6,$62.66,WBC42YRI7OW
Tiger Jacobson,1-782-848-2235,eu.nulla@icloud.couk,854-6655 In Avenue,9,China,Swiętokrzyskie,8535,at fringilla purus mauris a nunc. In at pede. Cras,2,$89.12,NNV59NWU2TV
Ciaran Blevins,(328) 220-8045,eu@icloud.edu,Ap #373-1333 A Rd.,5,Colombia,Lubuskie,402318,"consectetuer adipiscing elit. Etiam laoreet, libero et tristique pellentesque, tellus",3,$55.39,PKE87JRA5RC
Cooper Lloyd,(208) 164-4833,gravida@google.ca,Ap #904-2243 Urna Ave,1,New Zealand,Euskadi,9776,non dui nec urna suscipit nonummy. Fusce fermentum fermentum arcu.,1,$43.64,VWU89POQ8YC
Julie Coffey,1-354-788-4342,ac.ipsum@yahoo.ca,387-2830 Litora Rd.,17,Peru,Balochistan,26684,"ut odio vel est tempor bibendum. Donec felis orci, adipiscing",4,$4.01,XHI16FRW1SJ
Martena Ferrell,(887) 457-9463,eu.metus.in@hotmail.com,122-7726 Ipsum St.,7,Colombia,Hatay,8975,sit amet risus. Donec egestas. Aliquam nec enim. Nunc ut,7,$3.89,OIY13TGG5VG
Fredericka Koch,1-750-667-5310,et.eros.proin@aol.com,6413 Non Av.,1,Italy,Oklahoma,K8K 8S9,"et risus. Quisque libero lacus, varius et, euismod et, commodo",7,$34.02,EPQ40ARF6FG
Jada Meyer,(813) 767-8440,nibh.enim.gravida@icloud.ca,109-352 Rhoncus Ave,9,Ukraine,Special Region of Yogyakarta,692442,"lacinia. Sed congue, elit sed consequat auctor, nunc nulla vulputate",9,$70.82,HVH24ZSR0MN
Fallon Graham,(216) 956-9038,amet@google.ca,851-5196 In Avenue,15,United Kingdom,Vestland,48502,Donec fringilla. Donec feugiat metus sit amet ante. Vivamus non,4,$76.72,WJE53KRN1XM
Ciara Bullock,1-533-252-8723,cursus.in@icloud.couk,481-4702 Lorem St.,3,Australia,Gauteng,36912,Suspendisse aliquet molestie tellus. Aenean egestas hendrerit neque. In ornare,7,$76.10,QQM50DJN5EO
Oren Franco,1-750-984-5919,lacus.etiam@outlook.net,271-5697 Curabitur Street,13,Russian Federation,Gaziantep,158321,et pede. Nunc sed orci lobortis augue scelerisque mollis. Phasellus,2,$82.72,QKW16WTN2YQ
Tad Knox,1-857-876-2544,eget@hotmail.ca,633-3094 Felis Avenue,15,India,Adana,6142 DW,Morbi metus. Vivamus euismod urna. Nullam lobortis quam a felis,6,$27.27,PDE49ONW6CF
Madison Drake,1-849-811-7963,dolor@aol.org,203-3875 Luctus Road,3,Mexico,Stockholms län,9766-1716,"et magnis dis parturient montes, nascetur ridiculus mus. Aenean eget",7,$62.52,SCQ81RLV1ZE
Stephanie Mosley,(282) 283-2222,suspendisse.ac.metus@aol.couk,9031 Tortor Avenue,13,Poland,San José,78512,"pede et risus. Quisque libero lacus, varius et, euismod et,",2,$87.59,YWO99IVS5HW
Natalie Walls,(451) 406-7376,pellentesque.massa@protonmail.net,"Ap #682-6371 Nec, Av.",7,Colombia,East Region,567293,"Integer eu lacus. Quisque imperdiet, erat nonummy ultricies ornare, elit",2,$0.62,KNR73PMQ8SB
Damon Kennedy,1-622-623-0429,ligula.donec.luctus@icloud.couk,Ap #812-4520 Mollis Road,11,Austria,North Jeolla,4693 VL,"placerat, orci lacus vestibulum lorem, sit amet ultricies sem magna",6,$48.24,GFD81JUO2BA
Ruth Brewer,1-153-775-3316,arcu.eu@yahoo.org,"540-5256 Ullamcorper, St.",15,New Zealand,Podkarpackie,47795,Proin vel arcu eu odio tristique pharetra. Quisque ac libero,9,$15.68,SAV88VBK7ZR
Sebastian Sweet,1-527-706-8723,eros.nec@google.org,752-9626 Placerat Ave,11,Singapore,Upper Austria,634737,orci luctus et ultrices posuere cubilia Curae Phasellus ornare. Fusce,9,$34.06,ZSZ14SKO5YP
Fulton Pratt,1-971-319-8851,ipsum.dolor@protonmail.com,"7684 Quam, Ave",5,Russian Federation,Valle del Cauca,37681,"vestibulum lorem, sit amet ultricies sem magna nec quam. Curabitur",4,$72.81,BMP54CDR4MT
Orlando Dunn,1-863-888-8855,fusce.mollis@google.net,Ap #193-6845 Ultrices St.,15,Vietnam,Brandenburg,30111,tellus justo sit amet nulla. Donec non justo. Proin non,2,$30.51,SNU34TCI1SG
Zachery Cantu,1-542-852-6845,augue.ac@protonmail.com,1548 Lobortis Avenue,11,Russian Federation,Stockholms län,56435,"Ut tincidunt orci quis lectus. Nullam suscipit, est ac facilisis",5,$9.71,BOS77MNR5FM
Baxter Chandler,(154) 275-1658,dolor.donec.fringilla@icloud.couk,464-3051 Nam St.,1,United Kingdom,Utrecht,467793,gravida nunc sed pede. Cum sociis natoque penatibus et magnis,8,$85.84,JUX91HEJ2PK
Elijah Francis,1-333-462-5362,purus@yahoo.ca,Ap #861-6126 Leo. Rd.,19,Colombia,Jambi,04807,"magna, malesuada vel, convallis in, cursus et, eros. Proin ultrices.",6,$74.27,WLU38ZSD4BI
Jolene Russell,(141) 944-6530,sed@icloud.org,687-6675 Tristique Street,17,Vietnam,Illes Balears,53838,non sapien molestie orci tincidunt adipiscing. Mauris molestie pharetra nibh.,4,$89.35,CGO85JWO8NG
Lael Owens,1-995-886-7453,quis.urna@icloud.ca,868-2735 Torquent Rd.,15,China,Gorontalo,2574,"arcu imperdiet ullamcorper. Duis at lacus. Quisque purus sapien, gravida",2,$74.49,OXJ55OHA9YH
Patricia Blair,1-712-759-5578,lorem.tristique.aliquet@google.edu,1818 Fusce Av.,15,Philippines,Ulster,9814,"nisi. Cum sociis natoque penatibus et magnis dis parturient montes,",6,$40.12,TRP73SLL2WW
Carl Blanchard,1-922-854-0291,aenean.egestas@outlook.ca,8558 Varius Rd.,1,Philippines,Marche,57226,"Lorem ipsum dolor sit amet, consectetuer adipiscing elit. Aliquam auctor,",8,$72.51,ZQK63RIC2LP
Knox Durham,(727) 654-8189,dictum.proin@outlook.com,9878 Tristique Road,5,Netherlands,Konya,12554,"augue eu tellus. Phasellus elit pede, malesuada vel, venenatis vel,",6,$38.38,GBL40ITA8JI
Adena Frazier,1-738-663-7836,elementum.purus@icloud.edu,Ap #435-5452 Felis. Ave,1,Brazil,Staffordshire,2498,arcu. Sed et libero. Proin mi. Aliquam gravida mauris ut,0,$95.25,NRV51DNU3NP
Beau Sheppard,(945) 371-6273,ad.litora.torquent@outlook.com,"P.O. Box 576, 5299 Eu St.",3,Netherlands,Huádōng,10501,"dolor sit amet, consectetuer adipiscing elit. Etiam laoreet, libero et",2,$48.56,BPL83MJR1PW
Grady Brady,(507) 218-4134,ac.tellus@icloud.couk,Ap #738-1242 Turpis Ave,13,South Africa,Dnipropetrovsk oblast,176196,"commodo at, libero. Morbi accumsan laoreet ipsum. Curabitur consequat, lectus",2,$63.72,CTY48FFO6WR
Vielka Bell,1-381-340-2781,nulla.integer.urna@hotmail.com,468-1325 Risus. Avenue,3,United Kingdom,Gilgit Baltistan,22952,"elit, pellentesque a, facilisis non, bibendum sed, est. Nunc laoreet",0,$70.64,TNM37LWU7PK
Lois David,(437) 516-8748,magnis@hotmail.org,Ap #914-9538 At Avenue,5,Belgium,Tabasco,7842-8546,orci. Ut sagittis lobortis mauris. Suspendisse aliquet molestie tellus. Aenean,8,$33.42,CHK51UMM2RU
Ivan Burke,(364) 447-1732,rutrum@outlook.org,"Ap #914-230 Id, Av.",1,Ireland,Vestfold og Telemark,2825,"lacus vestibulum lorem, sit amet ultricies sem magna nec quam.",3,$14.89,CHK16JCL7DU
Maya Perez,(695) 627-6517,cras.vehicula@outlook.net,"436-3114 A, Rd.",17,Germany,Bayern,7907,orci. Donec nibh. Quisque nonummy ipsum non arcu. Vivamus sit,6,$97.53,JBK17RUF6XF
Tyrone Dale,1-463-338-8434,sodales.mauris@outlook.org,314 Tristique Road,9,Ireland,Valle del Cauca,146632,primis in faucibus orci luctus et ultrices posuere cubilia Curae,7,$50.04,QRX25JUW3WR
Cameran Arnold,(941) 106-7789,sem.mollis.dui@icloud.net,568-3174 Magnis Rd.,3,Vietnam,Stockholms län,218132,tristique senectus et netus et malesuada fames ac turpis egestas.,1,$2.48,DNM78IGX6QD
Addison Wyatt,(636) 192-8280,urna.vivamus@icloud.edu,795-5218 Ipsum. Ave,15,France,Carinthia,25218,in felis. Nulla tempor augue ac ipsum. Phasellus vitae mauris,8,$92.47,EBK82MOJ8FX
Isadora Rogers,1-224-385-8112,non.egestas@icloud.net,102-3488 Molestie Av.,1,Brazil,Niedersachsen,1886,"Sed malesuada augue ut lacus. Nulla tincidunt, neque vitae semper",6,$28.70,GZO07YRN4OO
Alexander Fisher,(734) 677-5703,sed.et@hotmail.couk,"300-9868 Non, Street",1,Poland,Stockholms län,18470,"mi, ac mattis velit justo nec ante. Maecenas mi felis,",8,$24.10,OKE29MQH7RH
Rhoda Deleon,(488) 915-3331,est@icloud.couk,558-5883 Facilisis Road,19,Netherlands,Kirovohrad oblast,93555,nec luctus felis purus ac tellus. Suspendisse sed dolor. Fusce,2,$29.94,BDM15ICZ3YQ
Cheryl Riley,(510) 304-2212,iaculis.odio@protonmail.ca,104-1193 Interdum Av.,11,Peru,Gangwon,50113,"magnis dis parturient montes, nascetur ridiculus mus. Aenean eget magna.",10,$74.21,MOL46NHB3UL
Armando Keller,1-406-754-2851,imperdiet@yahoo.edu,"P.O. Box 648, 834 Nam Street",7,New Zealand,Tambov Oblast,50008,"condimentum eget, volutpat ornare, facilisis eget, ipsum. Donec sollicitudin adipiscing",0,$23.37,OEE71DEF8XB
Mary Sanford,(444) 245-4512,vel.lectus@aol.net,"P.O. Box 931, 7753 Libero Avenue",3,United Kingdom,Gia Lai,56512,"Donec tempor, est ac mattis semper, dui lectus rutrum urna,",4,$14.88,CPJ99LBW7XW
Sopoline Heath,(348) 515-3412,vitae.aliquet@google.com,"P.O. Box 285, 1342 Ultricies Rd.",9,Netherlands,Ulster,10640,Aliquam nisl. Nulla eu neque pellentesque massa lobortis ultrices. Vivamus,10,$77.46,ICR36FNN7KJ
Keely Mathis,(657) 646-3885,gravida.sagittis.duis@aol.com,166-5413 Hendrerit Rd.,15,Sweden,Lipetsk Oblast,13328,"est ac facilisis facilisis, magna tellus faucibus leo, in lobortis",2,$71.32,MFP19JFP3EQ
Chantale Farmer,(481) 579-3735,blandit.nam@icloud.com,930-6057 Cras St.,17,Philippines,Morelos,774327,Nullam lobortis quam a felis ullamcorper viverra. Maecenas iaculis aliquet,6,$30.20,ESD63NJS9PC
Angela Newman,1-432-381-7180,et.magnis.dis@outlook.ca,396 Natoque Avenue,19,Ukraine,Central Visayas,4386-4292,mus. Proin vel arcu eu odio tristique pharetra. Quisque ac,0,$85.00,EUK09DXN8NN
Deirdre Thomas,(293) 938-2680,proin@icloud.edu,Ap #722-6441 Nulla. Rd.,11,Sweden,Kyiv oblast,24813,"accumsan convallis, ante lectus convallis est, vitae sodales nisi magna",1,$45.86,HFL17WCC5KX
Belle Torres,(119) 246-8421,luctus.felis.purus@yahoo.com,"P.O. Box 845, 8445 In Rd.",15,Colombia,Gilgit Baltistan,713688,"est. Nunc ullamcorper, velit in aliquet lobortis, nisi nibh lacinia",5,$66.95,DKD51HQJ8DP
Hanae Francis,1-101-236-3586,magna.tellus.faucibus@outlook.ca,713-2573 Ut St.,11,Peru,łódzkie,R9B 7X7,"quis, pede. Praesent eu dui. Cum sociis natoque penatibus et",8,$83.76,IGC81GZY6RT
Neville Burch,(704) 797-1464,eu.tellus.eu@google.couk,"415-3517 Lorem, Av.",13,South Africa,Lower Austria,71247,fringilla euismod enim. Etiam gravida molestie arcu. Sed eu nibh,8,$47.26,WJH59PRO1WQ
Mason Jacobson,1-408-758-1428,mi@icloud.ca,"P.O. Box 512, 2833 Sit St.",1,Philippines,Waals-Brabant,1139,eget nisi dictum augue malesuada malesuada. Integer id magna et,5,$95.23,LST66HLG1DR
Tiger Solis,(835) 611-8758,eget.metus.eu@aol.net,141-6297 Dolor Ave,15,South Korea,Cardiganshire,2187,"imperdiet, erat nonummy ultricies ornare, elit elit fermentum risus, at",6,$67.18,FWL67HOY5FW
Malachi Moran,1-958-410-7818,montes.nascetur@protonmail.net,5796 Duis Rd.,5,South Korea,Saskatchewan,39107,"sed, facilisis vitae, orci. Phasellus dapibus quam quis diam. Pellentesque",6,$60.72,BMG10IOF9IZ
Brody Richardson,1-743-875-1983,scelerisque.neque@google.couk,360-4182 Nam St.,11,Norway,Van,25-275,netus et malesuada fames ac turpis egestas. Fusce aliquet magna,5,$51.80,ZIO25HCE1CU
Joel Conley,(642) 251-1447,nulla.tempor.augue@aol.edu,669-9611 Sit St.,11,Vietnam,Gangwon,6328,"lacus pede sagittis augue, eu tempor erat neque non quam.",4,$92.39,FLQ58XFK8JJ
Price Velez,(476) 482-7857,dolor.tempus@protonmail.org,Ap #905-4894 Integer Ave,1,Germany,Bursa,56306-628,primis in faucibus orci luctus et ultrices posuere cubilia Curae,5,$84.28,VRI72PCI8PY
Britanni Potter,(506) 527-7310,aliquet.proin@aol.edu,350-6159 Cursus Ave,19,Pakistan,Balıkesir,473189,"tellus sem mollis dui, in sodales elit erat vitae risus.",2,$6.51,CPW24PNL8UE
Piper Watson,(235) 414-6178,bibendum.ullamcorper@aol.edu,2389 Eleifend. Av.,13,Australia,Katsina,636931,nunc sed pede. Cum sociis natoque penatibus et magnis dis,5,$40.07,YXQ94XTB4EL
Ezra Brooks,1-579-956-3585,non.sollicitudin.a@hotmail.com,Ap #935-8241 Porttitor Street,17,United States,Flintshire,N4T 0R3,"Curabitur consequat, lectus sit amet luctus vulputate, nisi sem semper",7,$48.93,DOH35FRB3KK
Rhea Velez,(293) 367-5594,aenean@yahoo.net,Ap #304-1953 Arcu. Avenue,11,Italy,Noord Holland,0128,"torquent per conubia nostra, per inceptos hymenaeos. Mauris ut quam",3,$64.25,GGI07NRD6MP
Macon Fuller,1-400-661-3758,iaculis@aol.org,1523 Placerat Rd.,15,Singapore,Illes Balears,2274,vel quam dignissim pharetra. Nam ac nulla. In tincidunt congue,10,$5.82,RUP61MSL6NV
Vaughan Herman,(215) 223-7671,lobortis.quis@yahoo.com,814-586 Quis Rd.,11,Ireland,Île-de-France,80322,"lacinia vitae, sodales at, velit. Pellentesque ultricies dignissim lacus. Aliquam",1,$32.75,CEZ17TRZ6PP
Lars Juarez,1-367-379-1525,dolor.donec.fringilla@outlook.org,"P.O. Box 344, 4244 Magna, Road",3,Australia,North Jeolla,3343,sit amet metus. Aliquam erat volutpat. Nulla facilisis. Suspendisse commodo,2,$77.41,WQW69LRH7WG
Ebony Reynolds,(217) 488-6735,magna.duis@hotmail.ca,"P.O. Box 189, 4547 Auctor Road",11,Singapore,Xīběi,K8N 6Y9,metus. Vivamus euismod urna. Nullam lobortis quam a felis ullamcorper,8,$72.09,HIW23JQR5JX
Ima O'connor,(431) 952-4450,ipsum.porta@outlook.net,112-8464 Turpis. Av.,19,South Africa,North West,627522,"In lorem. Donec elementum, lorem ut aliquam iaculis, lacus pede",6,$18.20,JOJ11XEU7NN
Amela Willis,(976) 616-6948,ornare.elit.elit@icloud.net,Ap #963-375 Ante Avenue,15,Philippines,Arkansas,40218,sapien. Nunc pulvinar arcu et pede. Nunc sed orci lobortis,5,$72.10,FVY43WLV8TL
Orlando Franks,1-522-331-5474,elementum.at@icloud.edu,180-6698 Vel Av.,17,Netherlands,Hải Phòng,33885,"est ac facilisis facilisis, magna tellus faucibus leo, in lobortis",4,$64.45,MUS64NNU3UZ
Alvin Norton,(654) 273-7273,ante@outlook.edu,878-6994 Tellus. Street,11,Austria,Luxemburg,3279,"Duis cursus, diam at pretium aliquet, metus urna convallis erat,",1,$8.55,FYR22UWF2OA
Holly Conrad,(666) 668-6363,varius.ultrices@yahoo.org,9919 Sed Rd.,3,Philippines,Sokoto,38667,magna a tortor. Nunc commodo auctor velit. Aliquam nisl. Nulla,3,$45.83,MLE67WAM8ZQ
Melvin Lester,(576) 328-3386,a.scelerisque@hotmail.com,Ap #556-641 Feugiat Rd.,5,Sweden,Tuyên Quang,68967,"neque sed dictum eleifend, nunc risus varius orci, in consequat",1,$74.20,THI08IVK6KP
Nola Hutchinson,1-815-870-7336,semper.et@icloud.couk,826-2625 Et St.,17,France,Quindío,827861,feugiat metus sit amet ante. Vivamus non lorem vitae odio,7,$11.46,LBM11JPI6IQ
Callie Donaldson,1-259-424-4122,risus.nulla@icloud.org,960-8655 Ipsum. Rd.,1,Turkey,Ryazan Oblast,46538-47179,"dui lectus rutrum urna, nec luctus felis purus ac tellus.",3,$60.52,RLM21IKO2SG
Holmes Cooke,(770) 482-5063,magna@icloud.net,595-1194 Magnis St.,13,Brazil,Pomorskie,FU65 0DL,Ut sagittis lobortis mauris. Suspendisse aliquet molestie tellus. Aenean egestas,3,$69.76,MJE33VUX6LB
Germane Acosta,(625) 713-7704,nisi.nibh@outlook.org,Ap #537-4466 Etiam Av.,19,Italy,Jönköpings län,185723,"sed, est. Nunc laoreet lectus quis massa. Mauris vestibulum, neque",9,$82.95,LIC23TLW0YM
Dawn Talley,(884) 606-1684,mi@icloud.edu,Ap #662-2497 Nullam Av.,7,Vietnam,Carinthia,422674,"iaculis nec, eleifend non, dapibus rutrum, justo. Praesent luctus. Curabitur",8,$31.68,UBX16EEW7PN
Elmo Shepherd,(717) 603-4031,mauris@yahoo.couk,Ap #509-9346 Nec Ave,9,Pakistan,Zeeland,579354,risus. Duis a mi fringilla mi lacinia mattis. Integer eu,9,$33.70,QOO36NJU6AW
Candace Young,(554) 505-0118,nec.quam@google.com,"P.O. Box 144, 6328 Luctus, Avenue",3,Nigeria,Tver Oblast,78865,molestie dapibus ligula. Aliquam erat volutpat. Nulla dignissim. Maecenas ornare,5,$90.59,XIF77MQV3DG
Juliet Mcintyre,1-617-338-5364,purus.duis@google.net,542-3937 Ut Street,3,Chile,Sindh,31302,"ut, pellentesque eget, dictum placerat, augue. Sed molestie. Sed id",1,$52.12,DEL51CBX8VM
Neville Parrish,1-944-332-6581,turpis.nec@aol.org,530-3551 Enim Road,17,United States,Vienna,889744,"a, auctor non, feugiat nec, diam. Duis mi enim, condimentum",7,$2.56,LMG52NDV4SP
Melodie Maynard,1-730-281-0871,fermentum.vel.mauris@hotmail.net,Ap #693-7599 Convallis St.,7,Indonesia,La Libertad,RT12 5NS,pede. Nunc sed orci lobortis augue scelerisque mollis. Phasellus libero,4,$69.29,JMW15CWC7HC
Alice Galloway,(630) 917-4853,nulla.facilisis@hotmail.net,523-5905 Lacus. Road,15,Pakistan,Bình Thuận,7535,ipsum primis in faucibus orci luctus et ultrices posuere cubilia,7,$78.63,IGX04NDI6AX
Jessamine Ramirez,1-799-616-4726,enim.nec@aol.couk,Ap #407-9942 Commodo Rd.,11,Peru,Rio de Janeiro,4092-9284,"iaculis aliquet diam. Sed diam lorem, auctor quis, tristique ac,",5,$14.56,UUI75QRV6FY
Karleigh Mann,1-441-268-4872,turpis.egestas@google.com,"P.O. Box 735, 3781 Lorem, St.",15,Chile,Texas,82452,Cras convallis convallis dolor. Quisque tincidunt pede ac urna. Ut,10,$33.13,MEB88UXB4ZW
George Oneal,(154) 581-2181,nulla.tincidunt.neque@hotmail.com,889 Metus Road,9,Canada,North Island,64222,turpis egestas. Fusce aliquet magna a neque. Nullam ut nisi,0,$38.19,GPS46OWS1HC
Zelda Rasmussen,1-441-378-6198,semper.egestas@hotmail.com,393 Venenatis St.,3,Austria,Huáběi,76-34,"lobortis risus. In mi pede, nonummy ut, molestie in, tempus",1,$33.83,MLE24QNY8VJ
Duncan Cotton,1-272-217-3959,vivamus.molestie@yahoo.ca,Ap #975-135 Donec St.,17,United Kingdom,Waals-Brabant,842814,"blandit. Nam nulla magna, malesuada vel, convallis in, cursus et,",4,$70.15,RWA78KQD2RC
Amaya Berry,(539) 438-7462,donec@protonmail.couk,Ap #901-9623 Volutpat. Ave,3,China,Delta,22872,"vestibulum nec, euismod in, dolor. Fusce feugiat. Lorem ipsum dolor",4,$59.22,NPP78SXR6OX
Burke Hurley,(366) 909-7632,non.magna@protonmail.org,"P.O. Box 624, 4732 Interdum. Av.",7,Spain,Zeeland,07-188,nonummy. Fusce fermentum fermentum arcu. Vestibulum ante ipsum primis in,0,$89.67,IWF55YFB8WG
James Skinner,(642) 824-7647,ipsum.suspendisse.sagittis@outlook.org,Ap #706-9623 Integer Avenue,11,South Korea,Newfoundland and Labrador,392488,"et, lacinia vitae, sodales at, velit. Pellentesque ultricies dignissim lacus.",7,$13.97,OZJ38VCB6NW
Sebastian Gross,1-878-558-9482,nunc.sed@aol.edu,475-8254 Eget Road,13,Spain,Illinois,4748,Integer tincidunt aliquam arcu. Aliquam ultrices iaculis odio. Nam interdum,10,$74.55,XIT01KWP6EP
Plato Edwards,(846) 498-8644,donec.vitae@icloud.org,Ap #211-3890 Nulla Street,13,Colombia,South Gyeongsang,6718,"lorem eu metus. In lorem. Donec elementum, lorem ut aliquam",9,$28.79,IKF54MGK6FP
Odessa Santiago,1-746-774-2981,interdum.feugiat@google.com,"519-1650 Lacus, Rd.",1,Vietnam,Gangwon,24405,"mattis. Integer eu lacus. Quisque imperdiet, erat nonummy ultricies ornare,",5,$65.56,RYX90NMT3RU
Lunea Wright,(593) 661-5565,sed.hendrerit.a@aol.org,"Ap #519-4073 At, Rd.",13,China,Zamboanga Peninsula,7523 BF,Mauris eu turpis. Nulla aliquet. Proin velit. Sed malesuada augue,9,$3.22,CQC67IFF5UV
Keelie Greer,1-766-545-5084,non.egestas@hotmail.net,643-2506 Vitae Rd.,9,Netherlands,Aisén,65132,Duis dignissim tempor arcu. Vestibulum ut eros non enim commodo,8,$58.01,DQX17XPQ4EJ
Carla Hall,1-393-504-5989,eu.eros@protonmail.couk,Ap #941-1688 Dolor St.,9,Austria,Kharkiv oblast,8167,Mauris quis turpis vitae purus gravida sagittis. Duis gravida. Praesent,1,$0.28,ZOV98QAD0XW
Yoko Buckley,1-357-248-0955,nec.leo.morbi@outlook.ca,511-6186 Ornare Rd.,3,Nigeria,Virginia,72292,Curae Donec tincidunt. Donec vitae erat vel pede blandit congue.,4,$77.10,TGL44RQV1WF
Leo Olsen,(722) 817-5596,luctus.vulputate@outlook.edu,Ap #290-2381 Sed Rd.,11,Philippines,Alsace,02427,"a, arcu. Sed et libero. Proin mi. Aliquam gravida mauris",4,$25.57,ICI48MAB1TG
Garth Kline,1-428-921-5560,ut.nec.urna@google.org,293-9549 Amet Rd.,9,Ireland,Vorarlberg,5677,"gravida non, sollicitudin a, malesuada id, erat. Etiam vestibulum massa",3,$61.15,HDV36JYF6WV
Neve Ball,1-405-302-9393,aliquet.libero.integer@hotmail.com,Ap #320-7320 Massa. Av.,15,United Kingdom,Rogaland,325976,"quis, pede. Suspendisse dui. Fusce diam nunc, ullamcorper eu, euismod",7,$95.02,UJD11NRM0YT
Lavinia Gibson,1-477-738-1442,maecenas.malesuada@protonmail.edu,6655 Nulla Ave,13,Singapore,Khyber Pakhtoonkhwa,6349,nisi. Aenean eget metus. In nec orci. Donec nibh. Quisque,8,$84.52,IZG20JRI5UG
Amos Chase,(683) 196-9605,at@aol.edu,Ap #157-4217 Velit. Av.,19,South Africa,Bremen,29567,"vel turpis. Aliquam adipiscing lobortis risus. In mi pede, nonummy",5,$64.46,BBZ60KOK8DL
Bryar Mcdaniel,(576) 291-4254,senectus.et@outlook.com,"P.O. Box 671, 9133 Dolor. Street",17,Turkey,Imo,43798-67508,"sem, consequat nec, mollis vitae, posuere at, velit. Cras lorem",5,$35.52,RVL44WBU5GA
Alec Roman,1-669-313-5453,morbi.metus@icloud.ca,"P.O. Box 506, 6949 Magna Rd.",13,Sweden,FATA,1761,"ut, sem. Nulla interdum. Curabitur dictum. Phasellus in felis. Nulla",4,$53.72,VJX86BQL8DN
Quinn Roy,1-626-996-1723,pretium@google.net,401-8056 Ac Road,3,Sweden,Goiás,92788,arcu et pede. Nunc sed orci lobortis augue scelerisque mollis.,1,$78.62,GHY08PBK2PE
Hop Mayo,1-883-519-2903,aenean.egestas@hotmail.net,"P.O. Box 655, 1370 Fermentum Rd.",13,Ireland,Katsina,A4X 2K6,"dis parturient montes, nascetur ridiculus mus. Proin vel arcu eu",0,$59.76,PJP85QPD4RH
Hermione Roy,(179) 688-4322,in.consequat@google.net,639-2455 Sagittis Street,17,United Kingdom,Valle del Cauca,63851,"est ac mattis semper, dui lectus rutrum urna, nec luctus",3,$71.17,HQJ15JDV5OW
Aladdin Mccullough,(826) 139-8532,pellentesque.ultricies@outlook.edu,Ap #172-400 Cubilia Street,17,Ireland,La Libertad,1536,mus. Donec dignissim magna a tortor. Nunc commodo auctor velit.,2,$5.12,XDT82NPT9HE
Xandra Lawson,1-655-773-7754,egestas.urna@icloud.ca,Ap #140-5391 Donec Road,11,Turkey,Free State,47621,"neque tellus, imperdiet non, vestibulum nec, euismod in, dolor. Fusce",9,$88.30,QXM84ZDD5FP
Tyrone Craft,1-729-286-9231,dolor@outlook.org,671-9677 Eget Rd.,3,Indonesia,Putumayo,748438,"erat nonummy ultricies ornare, elit elit fermentum risus, at fringilla",4,$35.86,AFS26ZLB3RO
Donovan Crawford,1-564-273-8747,at@yahoo.com,358 Euismod Av.,11,South Korea,Gloucestershire,4471,auctor velit. Aliquam nisl. Nulla eu neque pellentesque massa lobortis,3,$90.54,UNB63CQS1LU
Omar O'donnell,1-301-383-9176,et.risus.quisque@protonmail.com,209-5204 Etiam Av.,1,South Korea,Gangwon,40203,"odio. Etiam ligula tortor, dictum eu, placerat eget, venenatis a,",5,$7.29,EWJ58MUW4RF
Chase Meyers,1-264-710-2454,donec.est@aol.edu,"Ap #436-1140 Non, Ave",3,Sweden,South Sumatra,911874,tellus id nunc interdum feugiat. Sed nec metus facilisis lorem,4,$20.40,WBB33SPW8WU
Dillon Lang,(924) 776-2626,nisi@google.org,Ap #610-4250 Ligula. Ave,17,France,Konya,3876,"dui, nec tempus mauris erat eget ipsum. Suspendisse sagittis. Nullam",4,$4.41,EIX24PRO9YT
Brittany Ward,(328) 563-6027,vehicula@protonmail.org,"Ap #984-9441 Dolor, Av.",7,Philippines,Vorarlberg,579873,"porttitor vulputate, posuere vulputate, lacus. Cras interdum. Nunc sollicitudin commodo",6,$67.68,LYL12HYV6YY
Asher Pierce,(255) 929-7844,lobortis.nisi@outlook.com,853-3422 Orci. Avenue,7,Germany,Salzburg,NF2 7LQ,"lacinia orci, consectetuer euismod est arcu ac orci. Ut semper",0,$52.25,LHH75RMW8FK
Perry Harris,1-525-592-3531,egestas@google.org,323 Hymenaeos. Avenue,19,Peru,Castilla y León,45927,"vehicula aliquet libero. Integer in magna. Phasellus dolor elit, pellentesque",8,$92.87,YWL88FDQ5JN
Desiree Cross,1-360-308-0127,neque.sed.sem@outlook.com,Ap #644-8343 Mus. Rd.,9,South Africa,South Sulawesi,25431,orci sem eget massa. Suspendisse eleifend. Cras sed leo. Cras,3,$70.92,YVH29VOW0UV
Clark Logan,1-267-134-4766,ac.turpis.egestas@icloud.edu,"P.O. Box 584, 1019 Morbi St.",5,Canada,Central Region,31285,"nonummy ac, feugiat non, lobortis quis, pede. Suspendisse dui. Fusce",0,$92.40,PPG33CVH5EE
Virginia Hensley,(353) 356-1457,dis@google.org,Ap #537-3178 Placerat Avenue,1,Philippines,North Island,80376,"elit. Etiam laoreet, libero et tristique pellentesque, tellus sem mollis",9,$95.98,PYN45OEF7KL
Jaden Smith,(643) 485-6902,enim.commodo@google.ca,Ap #664-1627 Lobortis Street,7,Philippines,Xīběi,32312,ridiculus mus. Donec dignissim magna a tortor. Nunc commodo auctor,7,$86.35,LDO26FJP8WQ
Boris Hawkins,1-812-737-2267,suspendisse.ac@icloud.net,869-6251 Auctor Avenue,3,South Africa,Nevada,9019,ac orci. Ut semper pretium neque. Morbi quis urna. Nunc,1,$28.98,CQM54AIU1BN
Lucius Bonner,(288) 481-7482,ut.sem@outlook.com,1179 Morbi Avenue,13,Ukraine,Limpopo,428999,non quam. Pellentesque habitant morbi tristique senectus et netus et,6,$6.09,HFX27EHN0OL
Cade Meadows,1-687-384-2552,ridiculus.mus@aol.com,386-9511 Magna. Ave,15,South Africa,Huádōng,162933,"est, mollis non, cursus non, egestas a, dui. Cras pellentesque.",2,$51.25,NOV25RKU0CN
Kareem Morse,(231) 361-1665,elit.fermentum@yahoo.couk,Ap #512-3444 Duis Ave,9,Spain,Tasmania,11818,"eget metus eu erat semper rutrum. Fusce dolor quam, elementum",5,$77.81,AQS16SXY2NE
Alfonso Dillon,(728) 422-8795,nec.ante.maecenas@yahoo.edu,7544 Semper Avenue,17,Peru,Dōngběi,W4 8XX,"tristique pellentesque, tellus sem mollis dui, in sodales elit erat",2,$0.38,XUN34IYP1VI
Caldwell Harrington,1-704-895-7662,porttitor@yahoo.edu,Ap #687-6722 Consectetuer St.,1,Philippines,Vorarlberg,1557,"conubia nostra, per inceptos hymenaeos. Mauris ut quam vel sapien",7,$71.88,EXJ16TBJ8NT
Reuben Dorsey,(189) 516-7747,vestibulum@google.org,137-2812 Nibh. Av.,9,Ireland,Prince Edward Island,86-58,eget odio. Aliquam vulputate ullamcorper magna. Sed eu eros. Nam,1,$62.61,CUV56HYS6OR
Hedley Williamson,(152) 860-4296,sem.eget@hotmail.org,600-548 Dolor Road,19,Russian Federation,Ceuta,688131,"dolor elit, pellentesque a, facilisis non, bibendum sed, est. Nunc",9,$7.87,YSE35SBI7QV
Nayda Pruitt,(682) 978-8613,lacinia@outlook.com,Ap #635-3571 Sit St.,13,Germany,Mersin,340153,"magna. Phasellus dolor elit, pellentesque a, facilisis non, bibendum sed,",3,$71.16,NVU87YUS7CW
Jeremy Mays,(188) 454-4535,id.erat.etiam@hotmail.net,"P.O. Box 475, 1039 Cursus St.",1,Peru,Sinaloa,83705,"ac mi eleifend egestas. Sed pharetra, felis eget varius ultrices,",0,$64.72,YYK82FOB7FT
Giselle Donaldson,(447) 496-8523,et.ipsum@icloud.ca,840-7168 Pellentesque Rd.,1,Ukraine,Limpopo,75541,Vivamus euismod urna. Nullam lobortis quam a felis ullamcorper viverra.,6,$66.19,SFK85FKI7YG
Richard Slater,1-238-887-6903,suspendisse.sagittis@google.com,"P.O. Box 132, 8590 Curabitur Rd.",11,Colombia,North Island,2446,arcu eu odio tristique pharetra. Quisque ac libero nec ligula,7,$43.98,WKC86QOI2SS
Regan Washington,(453) 382-5501,pellentesque.a@outlook.ca,"756-6404 Risus, Rd.",9,Philippines,Metropolitana de Santiago,25396,ridiculus mus. Proin vel nisl. Quisque fringilla euismod enim. Etiam,8,$98.86,PUG15IOH0HY
Grant Morrow,(712) 809-7571,dolor.sit@icloud.net,"P.O. Box 373, 7393 Justo. Rd.",17,Chile,Hồ Chí Minh City,9221,eu sem. Pellentesque ut ipsum ac mi eleifend egestas. Sed,0,$18.66,JMH14XNZ5QL
Chiquita Joseph,(756) 965-4541,maecenas.ornare@outlook.couk,470-1611 Lobortis Ave,9,South Korea,Cauca,UX3 8ZH,Donec egestas. Aliquam nec enim. Nunc ut erat. Sed nunc,0,$91.04,TNY88GQX2RV
Rigel Vasquez,1-221-647-7874,suspendisse.aliquet@aol.org,Ap #568-5067 Vitae Av.,7,Poland,Tasmania,38208-65314,Donec nibh. Quisque nonummy ipsum non arcu. Vivamus sit amet,8,$16.67,IUP77MJE0HS
Chaney Roth,1-345-877-6827,varius@aol.edu,910-2613 Nunc Street,15,Pakistan,Phú Thọ,83163,"erat nonummy ultricies ornare, elit elit fermentum risus, at fringilla",5,$34.28,LIB24KWF9NF
Damian Wagner,(346) 870-3955,porttitor.tellus.non@aol.ca,Ap #353-6085 Ultrices Ave,19,South Africa,Western Visayas,36618,fringilla euismod enim. Etiam gravida molestie arcu. Sed eu nibh,10,$11.56,YHZ36SQJ1DT
Drake Boyd,(548) 434-4510,pellentesque.a.facilisis@hotmail.com,7466 Eu Rd.,9,Netherlands,South Island,82651,quam. Pellentesque habitant morbi tristique senectus et netus et malesuada,5,$14.50,HMS87XGW8CJ
Ryder Sutton,(523) 366-5518,dolor.elit@outlook.couk,377-1400 Elit Road,13,South Korea,Troms og Finnmark,636325,"porttitor interdum. Sed auctor odio a purus. Duis elementum, dui",0,$79.32,YFL83DJH9NE
Randall Kim,1-752-861-5676,pretium@hotmail.org,Ap #449-7480 Non Ave,5,France,Xīnán,22334,"cursus et, magna. Praesent interdum ligula eu enim. Etiam imperdiet",3,$15.50,NGB04CPV4XH
Igor Cain,(176) 316-1184,enim.mauris@hotmail.net,"P.O. Box 362, 6879 Ipsum Av.",15,France,Bahia,671512,"at, iaculis quis, pede. Praesent eu dui. Cum sociis natoque",1,$71.41,NVC77VRE4LX
Amena Shepherd,1-327-187-2447,eleifend.vitae@yahoo.couk,Ap #419-7466 Eu Avenue,3,South Africa,South Island,19816,elit. Curabitur sed tortor. Integer aliquam adipiscing lacus. Ut nec,8,$25.49,QJC56YQJ8JD
Ella Stein,(770) 655-8584,et@outlook.couk,546-9696 Faucibus St.,5,Mexico,Opolskie,43141-28384,vitae purus gravida sagittis. Duis gravida. Praesent eu nulla at,6,$93.41,RFA43OCX1GM
Shoshana Cooper,1-627-647-8074,elit.aliquam.auctor@aol.edu,360-5513 Malesuada Rd.,3,New Zealand,Maharastra,66887,"adipiscing elit. Etiam laoreet, libero et tristique pellentesque, tellus sem",0,$29.73,RBR22NWC0HH
Melanie Freeman,1-743-988-5484,ullamcorper.viverra.maecenas@google.net,Ap #625-3552 Donec St.,9,Australia,Rivers,1374,Praesent luctus. Curabitur egestas nunc sed libero. Proin sed turpis,8,$81.15,HIP26VTS1ZF
Tate Hernandez,(731) 275-9194,sed.molestie@icloud.ca,"168-9173 Enim, Ave",15,Mexico,Ankara,93-36,"mi pede, nonummy ut, molestie in, tempus eu, ligula. Aenean",5,$98.32,OZS08BPE1LK
Lacy Adkins,1-535-567-4477,leo.cras@hotmail.couk,"197-1377 Vitae, Street",13,South Korea,Guainía,853222,"ac, eleifend vitae, erat. Vivamus nisi. Mauris nulla. Integer urna.",3,$90.54,RIF51KWW5BI
Melvin Lowe,1-846-674-4277,primis@google.org,5800 Nisi Road,7,Poland,Nebraska,3176,nec tempus mauris erat eget ipsum. Suspendisse sagittis. Nullam vitae,3,$91.82,KCJ61ZJI7YX
Madeline Houston,1-833-784-1084,nulla.aliquet.proin@protonmail.ca,"P.O. Box 397, 5887 In Road",3,Peru,Sokoto,48695,pede blandit congue. In scelerisque scelerisque dui. Suspendisse ac metus,5,$38.25,CMF75PYM6YE
Bree Stephens,1-661-209-2593,orci.sem@aol.ca,Ap #809-8820 Natoque St.,7,Costa Rica,Pays de la Loire,8454,"dictum placerat, augue. Sed molestie. Sed id risus quis diam",7,$14.56,DOX25XPY7OR
Kelsie Delgado,(983) 766-3734,elit.a.feugiat@outlook.ca,418-7220 Nam Street,15,South Korea,Limpopo,45114,"non, lacinia at, iaculis quis, pede. Praesent eu dui. Cum",4,$4.10,TRW25EXJ0VU
Kennan Curtis,(836) 536-7315,eu@icloud.net,Ap #406-2002 Suspendisse Ave,3,Singapore,Nunavut,140762,"Maecenas iaculis aliquet diam. Sed diam lorem, auctor quis, tristique",7,$40.11,HDR84JRV4HX
Hakeem Mcfarland,1-153-128-4138,lobortis@outlook.org,638-2372 Nec St.,17,Brazil,KwaZulu-Natal,458738,"Cum sociis natoque penatibus et magnis dis parturient montes, nascetur",1,$93.93,HMB82RMK0VW
Nola Barrett,(104) 345-7624,natoque@google.ca,8890 Vestibulum. Ave,17,Ireland,Ceuta,1131,orci sem eget massa. Suspendisse eleifend. Cras sed leo. Cras,4,$20.71,JNS75HAX7GD
